CREATE DATABASE  IF NOT EXISTS `happy_water` /*!40100 DEFAULT CHARACTER SET utf8 */;
USE `happy_water`;
-- MySQL dump 10.13  Distrib 5.6.13, for Win32 (x86)
--
-- Host: localhost    Database: happy_water
-- ------------------------------------------------------
-- Server version	5.6.17

/*!40101 SET @OLD_CHARACTER_SET_CLIENT=@@CHARACTER_SET_CLIENT */;
/*!40101 SET @OLD_CHARACTER_SET_RESULTS=@@CHARACTER_SET_RESULTS */;
/*!40101 SET @OLD_COLLATION_CONNECTION=@@COLLATION_CONNECTION */;
/*!40101 SET NAMES utf8 */;
/*!40103 SET @OLD_TIME_ZONE=@@TIME_ZONE */;
/*!40103 SET TIME_ZONE='+00:00' */;
/*!40014 SET @OLD_UNIQUE_CHECKS=@@UNIQUE_CHECKS, UNIQUE_CHECKS=0 */;
/*!40014 SET @OLD_FOREIGN_KEY_CHECKS=@@FOREIGN_KEY_CHECKS, FOREIGN_KEY_CHECKS=0 */;
/*!40101 SET @OLD_SQL_MODE=@@SQL_MODE, SQL_MODE='NO_AUTO_VALUE_ON_ZERO' */;
/*!40111 SET @OLD_SQL_NOTES=@@SQL_NOTES, SQL_NOTES=0 */;

--
-- Table structure for table `article`
--

DROP TABLE IF EXISTS `article`;
/*!40101 SET @saved_cs_client     = @@character_set_client */;
/*!40101 SET character_set_client = utf8 */;
CREATE TABLE `article` (
  `article_id` int(11) NOT NULL AUTO_INCREMENT,
  `article_title` text,
  `article_content` longtext,
  `article_img` varchar(45) DEFAULT NULL,
  `userid` int(11) DEFAULT NULL,
  `article_createdate` datetime DEFAULT NULL,
  `article_editdate` datetime DEFAULT NULL,
  `article_isactive` bit(1) DEFAULT NULL,
  `article_description` longtext,
  `tag` varchar(45) DEFAULT NULL,
  PRIMARY KEY (`article_id`)
) ENGINE=InnoDB AUTO_INCREMENT=46 DEFAULT CHARSET=koi8r;
/*!40101 SET character_set_client = @saved_cs_client */;

--
-- Dumping data for table `article`
--

LOCK TABLES `article` WRITE;
/*!40000 ALTER TABLE `article` DISABLE KEYS */;
INSERT INTO `article` VALUES (2,'Rudy Kurniawan sentencing delayed','<p>Kurniawan, who last December was found guilty by a jury of making and selling more than $1m of counterfeit fine wines that he had concocted in the kitchen of his Los Angeles home, was due to be sentenced in New York today (24 April).</p>\r\n\r\n<p>But, the Indonesian national&#39;s hearing has been rescheduled for 29 May. The probation team working on the case &#39;needed more time&#39;, one of Kurniawan&#39;s defence lawyers, Jerry Mooney, told Decanter.com.&nbsp;</p>\r\n\r\n<p>Alongside wine fraud, Kurniawan was also convicted of fraudulently attempting to get a $3m loan. He faces up to 40 years in prison, although several observers believe he may get significantly less than that.</p>\r\n\r\n<p>Kurniawan is the first person to have faced criminal prosecution for wine fraud in the US. It took a 12-strong jury less than a single morning to convict him after several days of mounting evidence: from the foil cover on his kitchen window to the requests for empty bottles from restaurants and the presentation in court of counterfeit wines and labels that were found in the defendant&#39;s home.</p>\r\n\r\n<p>Prosecutors described how Kurniawan turned his home computer into a virtual &#39;ATM machine&#39; that printed out fake labels.</p>\r\n\r\n<p>Winemaker Laurent Ponsot told jurors that a purported Domaine Ponsot Clos Saint-Denis 1945 &#39;cannot exist&#39;, because the estate only began producing under this appellation in 1982.</p>\r\n\r\n<p>Kurniawan&#39;s defence team maintained throughout that their client was naively embroiled in a much bigger fine wine counterfeiting scene.</p>\r\n\r\n<p>Billionaire wine collector Bill Koch, who also gave evidence at the trial after buying wines traced back to Kurniawan, still has a lawsuit pending against the Indonesian.</p>\r\n\r\n<p>Koch is also trying to get Acker Merrall &amp; Condit&#39;s CEO, John Kapon, in court to explain how Acker Merrall came to sell counterfeit wines consigned by Kurniawan.</p>\r\n\r\n<p>Meanwhile, allegations surrounding the authenticity of rare wine continue to cause problems for the industry. This week, it emerged that Atlanta-based wine collector Julian LeCraw has filed a lawsuit seeking $25m in damages from London-based Antique Wine Co, who he accuses of selling him several fake wines, including a supposed 1787 vintage Chateau d&#39;Yquem. Antique Wine Co strongly denies wrongdoing.</p>\r\n','images/upload/Kurniawan-wines-4.jpg',NULL,'2014-10-10 00:00:00','2014-04-24 00:00:00','','Convicted wine fraudster Rudy Kurniawan must wait until the end of May to be sentenced, after authorities requested more time to handle the case.','news'),(7,'Feel Your Best With Water','<p>As summer arrives, temperatures heat up. And as we become more active, so do we.</p>\r\n\r\n<p>More vigorous activity in this weather generally means we sweat more. How can you replace the body fluids you&#39;re losing? And do you really need to?</p>\r\n\r\n<p>Let&#39;s answer the second question first. &quot;Yes!&quot; nutrition experts say emphatically. &quot;Most people are walking around in a moderately dehydrated state,&quot; says Susan Kleiner, PhD, RD, author of Power Eating. According to Kleiner, we all need a &quot;bare minimum&quot; of 8 to 12 cups of fluids daily, even more to replace the fluid you lose during exercise. Of these 8 to 12 cups, Kleiner advises at least 5 cups be pure water.</p>\r\n\r\n<p>Sweating It Away</p>\r\n\r\n<p>Kleiner explains that you lose about 4 cups of water per hour of exercise, depending on how much you weigh and how much -- and how quickly -- you perspire. A moderate workout in a mild climate will likely result in a loss of 1 to 2 quarts of fluid per hour through perspiration. The more intense the exercise or the more extreme the temperatures, the greater the fluid loss.</p>\r\n\r\n<p>&quot;If you don&#39;t replenish your fluid losses during exercise, you will fatigue early, and your performance will be diminished,&quot; says Kleiner. &quot;If you don&#39;t replenish fluid after exercise, your performance on successive days will decay, and your long-term health may be at risk.&quot;</p>\r\n\r\n<p><br />\r\nAccording to the National Athletic Trainers&#39; Association, says Kleiner, dehydration can impair your physical performance after less than an hour of exercise -- even sooner if you start working out in a dehydrated state. It can also increase your risk of developing symptoms of heat illness, such as heat cramps, heat exhaustion, and heat stroke.</p>\r\n\r\n<p>Not Just for Athletes</p>\r\n\r\n<p>It&#39;s not just athletes -- even the weekend variety -- who are dehydrated, says Jacob Teitelbaum, MD, author of From Fatigued to Fantastic!: A Manual for Moving Beyond Chronic Fatigue and Fibromyalgia. For even the sedentary he suggests: &quot;Simply occasionally pay attention to your mouth and lips. If they are dry, you&#39;re thirsty and need more water.&quot;</p>\r\n\r\n<p>Dehydration can be a serious problem for anyone, but children and older adults are at greater risk, according to the Gatorade Sports Science Institute. It offers these tips to avoid dehydration:</p>\r\n\r\n<p>When exercising, drink early and often. Research shows exercise under warm or hot and humid conditions can cause dehydration in as little as 30 minutes. So it&#39;s important to consume fluids not only during and after exercise, but also before a workout or strenuous activity.<br />\r\nDon&#39;t wait until you&#39;re dehydrated to start drinking. Drinking in a dehydrated state can cause gastrointestinal distress.<br />\r\nThe American College of Sports Medicine recommends that athletes drink enough fluid to fully replace sweat losses during their activity. At a minimum, drink 8 to 10 ounces of fluid every 15 minutes during exercise.<br />\r\nWhen active, don&#39;t rely on your sense of thirst. When you are hot and sweaty, your thirst mechanism can shut off quickly and you may not realize you need fluids. Drink on a schedule.<br />\r\nCheck the color of your urine. If your urine looks like the color of apple juice, you are probably dehydrated. If it looks more like the color of lemonade, you are probably well hydrated.</p>\r\n','images/upload/abc.jpg',1,'2014-04-16 00:00:00','2014-04-24 00:00:00','','Yes, water is everywhere these days, but are you drinking enough of it?','news'),(8,'6 Reasons to Drink Water','<p>Americans seem to carry bottled water everywhere they go these days. In fact, it has become the second most popular drink (behind soft drinks). But water lovers got a jolt recently when we heard that a new report had found that the benefits of drinking water may have been oversold. Apparently, the old suggestion to drink eight glasses a day was nothing more than a guideline, not based on scientific evidence.</p>\r\n\r\n<p>But don&#39;t put your water bottle or glass down just yet. While we may not need eight glasses, there are plenty of reasons to drink water. In fact, drinking water (either plain or in the form of other fluids or foods) is essential to your health.</p>\r\n\r\n<p>&quot;Think of water as a nutrient your body needs that is present in liquids, plain water, and foods. All of these are essential daily to replace the large amounts of water lost each day,&quot; says Joan Koelemay, RD, dietitian for the Beverage Institute, an industry group.</p>\r\n\r\n<p>Kaiser Permanente nephrologist Steven Guest, MD, agrees: &quot;Fluid losses occur continuously, from skin evaporation, breathing, urine, and stool, and these losses must be replaced daily for good health,&quot; he says.</p>\r\n\r\n<p>When your water intake does not equal your output, you can become dehydrated. Fluid losses are accentuated in warmer climates, during strenuous exercise, in high altitudes, and in older adults, whose sense of thirst may not be as sharp.</p>\r\n\r\n<p><br />\r\nHere are six reasons to make sure you&#39;re drinking enough water or other fluids every day:</p>\r\n\r\n<p>1. Drinking Water Helps Maintain the Balance of Body Fluids. Your body is composed of about 60% water. The functions of these bodily fluids include digestion, absorption, circulation, creation of saliva, transportation of nutrients, and maintenance of body temperature.</p>\r\n\r\n<p>&quot;Through the posterior pituitary gland, your brain communicates with your kidneys and tells it how much water to excrete as urine or hold onto for reserves,&quot; says Guest, who is also an adjunct professor of medicine at Stanford University.</p>\r\n\r\n<p>When you&#39;re low on fluids, the brain triggers the body&#39;s thirst mechanism. And unless you are taking medications that make you thirsty, Guest says, you should listen to those cues and get yourself a drink of water, juice, milk, coffee -- anything but alcohol.</p>\r\n\r\n<p>&quot;Alcohol interferes with the brain and kidney communication and causes excess excretion of fluids which can then lead to dehydration,&quot; he says.</p>\r\n\r\n<p>2. Water Can Help Control Calories. For years, dieters have been drinking lots of water as a weight loss strategy. While water doesn&#39;t have any magical effect on weight loss, substituting it for higher calorie beverages can certainly help.</p>\r\n\r\n<p>&quot;What works with weight loss is if you choose water or a non-caloric beverage over a caloric beverage and/or eat a diet higher in water-rich foods that are healthier, more filling, and help you trim calorie intake,&quot; says Penn State researcher Barbara Rolls, PhD, author of The Volumetrics Weight Control Plan.</p>\r\n','images/upload/shutterstock_64070419.jpg',1,'2014-04-16 00:00:00','2014-04-24 00:00:00','','Americans seem to carry bottled water everywhere they go these days. In fact, it has become the second most popular drink (behind soft drinks). But water lovers got a jolt recently when we heard that a new report had found that the benefits of drinking water may have been oversold. Apparently, the old suggestion to drink eight glasses a day was nothing more than a guideline, not based on scientific evidence.','news'),(9,'Carcinogenic hexavalent chromium found in one-third of California\'s drinking water, CDPH sued by environmentalists','<p>In their suit, the&nbsp;<em>National Resources Defense Council</em>, along with the&nbsp;<em>Environmental Working Group</em>, contend that the Legislature ordered the state&#39;s top health agency to develop drinking water standards for the carcinogen by January 2004, but so far the department has declined to do so. The suit claims the delay is unjustified and is asking the court to impose a faster deadline.<br />\r\n<br />\r\n&quot;Made famous by the 2000 film &#39;Erin Brockovich,&#39; hexavalent chromium is a known carcinogen and drinking water contaminant,&quot; the complaint says. &quot;At least one-third of drinking water sources sampled statewide - sources that provide drinking water to tens of millions of Californians - are contaminated with hexavalent chromium concentrations higher than those that the state deems to pose no significant health risk.&quot;<br />\r\n<br />\r\nContinuing, the suit says, &quot;More than a decade after the Legislature ordered the Department to act, and more than eight years after the statutory deadline for action passed, the Department has not even proposed a hexavalent chromium drinking water standard. The Department presently estimates on its website that it will not publish a final drinking water standard for hexavalent chromium for at least another two to three years.&quot;<br />\r\n<br />\r\n<strong>Forced to act by the real-life Brockovich</strong><br />\r\n<br />\r\nThe agency&#39;s failure to develop standards is creating a public health nuisance and endangering residents and visitors, say the groups.<br />\r\n<br />\r\nHexavalent&nbsp;<a href=\"http://www.naturalnews.com/chromium.html\">chromium</a>&nbsp;is a heavy metal that is also known as chromium-6. It&#39;s used in pigment and paint production, tanning, stainless steel welding and other things, and it&#39;s been found in two-thirds&#39; of the nation&#39;s Superfund environmental clean-up sites.<br />\r\n<br />\r\n&quot;Hexavalent chromium enters the drinking water supply through surface water runoff from industrial operations and soil leachate conveyed into groundwater,&quot; says the suit. &quot;People may be exposed to&nbsp;<a href=\"http://www.naturalnews.com/hexavalent_chromium.html\">hexavalent chromium</a>&nbsp;by drinking contaminated water, eating contaminated food, inhaling polluted air, and contacting contaminated soils.&quot;<br />\r\n<br />\r\nComing primarily from industrial pollution, exposure can cause cancer, liver problems, stomach ulcers and lesions, and lower sperm counts, reports said. It can also occur naturally, however.<br />\r\n<br />\r\nThe state Legislature directed the health department to act after the real-life Brockovich exposed the case of Pacific Gas &amp; Electric Corp., which stood accused of leaking the chemical into the groundwater of Hinckley, a small town in the Mojave Desert about 122 miles northwest of Los Angeles, which caused health problems, including cancer.<br />\r\n<br />\r\nOn its website, the department said in a July 27, 2011 announcement it established a Public Health Goal (PHG) of 0.02 parts per billion (ppb) for hexavalent chromium, the so-called &quot;Erin Brockovic Chemical.&quot; &quot;The health-protective level is based on avoidance of potential carcinogenic effects,&quot; the announcement said.<br />\r\n<br />\r\nNevertheless, say plaintiffs, a third of all&nbsp;<a href=\"http://www.naturalnews.com/drinking_water.html\">drinking water</a>&nbsp;sources tested in the state have hexavalent chromium concentrations of at least one part per billion.<br />\r\n<br />\r\n<strong>Plaintiffs to court: Set a date for compliance</strong><br />\r\n<br />\r\n&quot;A hexavalent chromium concentration of one part per billion is fifty times the public health goal. Upon information and belief, many more drinking water sources in&nbsp;<a href=\"http://www.naturalnews.com/California.html\">California</a>&nbsp;contain hexavalent chromium at levels below one part per billion, but above the PHG [public health goal] for hexavalent chromium,&quot; says the complaint.<br />\r\n<br />\r\nAccording to the&nbsp;<em>Huffington Post</em>, the highest concentrations were reported in southern California, including in Los Angeles, San Bernardino, and Santa Barbara counties.<br />\r\n<br />\r\nPlaintiffs maintain that the state health department could have met its 2004 deadline if officials had given it more effort than less-important tasks. The groups called the delay in fixing standards &quot;unreasonable and unjustified,&quot; as well as a violation of the state&#39;s Health &amp; Safety Code.<br />\r\n<br />\r\nThe groups have asked the court to compel the department to set drinking&nbsp;<a href=\"http://www.naturalnews.com/water.html\">water</a>&nbsp;standards &quot;on a date set by the court that will ensure speedy performance of the statutory duty.&quot;<br />\r\n<br />\r\nThe&nbsp;<em>Environmental Protection Agency</em>, by the way, has not set federal contamination levels for chromium-6, though the agency last year released recommendations for monitoring the chemical in water tables and is further considering whether to set nationwide chromium-6 standards.</p>\r\n','images/upload/drinkingwater.jpg',NULL,'2014-10-10 00:00:00','2014-04-28 00:00:00','','(NaturalNews) A third of all drinking water sampled in California is contaminated with hexavalent chromium, a carcinogen, say environmental groups in a lawsuit targeting the state\'s Department of Public Health.','news'),(10,'Drinking water with meals can impair digestion','<p>It&#39;s true that the entire digestive system works more efficiently when it&#39;s well-hydrated, but this doesn&#39;t mean it should be flooded with cold water right when it&#39;s working to digest your last meal. Too much water during meals can interfere with natural levels of acid and bile needed in the stomach to properly digest your food. In particular, too much&nbsp;<em>cold</em>&nbsp;water during meals can slow digestion and may cause cramping in sensitive individuals.<br />\r\n<br />\r\n<strong>Tips for Drinking Water with Meals</strong><br />\r\n<br />\r\nThe general rule of thumb is to avoid drinking water from about 15 minutes before you eat until at least one hour after you eat. But it&#39;s all too common for people to go to extremes with this advice. Avoiding any and all liquids before, during and after meals is rarely needed to see improvements in digestion. Instead, apply these simple tips for drinking at mealtime:<br />\r\n<br />\r\n<strong>1. Think small sips.</strong>&nbsp;You don&#39;t have to forego water during meals altogether. Instead, simply opt to take small sips of water during your meal. This is great for cleansing the palate and maintaining hydration without flooding your digestive system with massive amounts of water just when it&#39;s getting down to business. You can also add a squeeze of lemon or a bit of apple cider vinegar to your&nbsp;<a href=\"http://www.naturalnews.com/water.html\">water</a>&nbsp;to help aid the digestive process.<br />\r\n<br />\r\n<strong>2. Choose warm over cold.</strong>&nbsp;Iced drinks may be particularly problematic during meals, especially for those with existing digestive issues. If you&#39;d like to have something to sip on during meals, warm liquids are more friendly for&nbsp;<a href=\"http://www.naturalnews.com/digestion.html\">digestion</a>. Warm tea or homemade broth are excellent to accompany your meal, and can actually aid digestion rather than impair it.<br />\r\n<br />\r\n<strong>3. Hydrate before you eat.</strong>&nbsp;If you frequently find yourself thirsty during and after your&nbsp;<a href=\"http://www.naturalnews.com/meals.html\">meals</a>, it may help to make a habit of drinking a glass or two of pure water about 15 to 30 minutes before you eat. This can prevent the urge to drink too much water while your stomach is working to digest your meal.<br />\r\n<br />\r\n<strong>4. Stay hydrated during the rest of the day.</strong>&nbsp;Drinking during meals can be a difficult habit to break. However, it&#39;s easier to do if you keep yourself hydrated the rest of the time. Begin your day by&nbsp;<a href=\"http://www.naturalnews.com/drinking.html\">drinking</a>&nbsp;a glass or two of pure water and then make a habit of repeating this between meals. Soon you&#39;ll be well-hydrated and won&#39;t crave large amounts of water during your meals.<br />\r\n<br />\r\n<strong>5. Think moderation.</strong>&nbsp;There is no reason to become dogmatic about drinking during meals. Some people find it makes an enormous difference to avoid drinking a lot of liquid during a meal, while others find it has little effect. Others note that simply avoiding ice water or not drinking quite so much water during meals is enough to ease their digestive woes. It will depend on the individual how much of an impact this has on his/her digestion, but it&#39;s worth considering if you have problems with gas, bloating or pain after meals.</p>\r\n','images/upload/persondrinkingwater-2.jpg',1,'2014-04-21 00:00:00','2014-04-28 00:00:00','','(NaturalNews) Most of us have heard it a hundred times: drink eight glasses of water a day to stay healthy and hydrated. And while hydration is genuinely important for our health, if you\'re guzzling all that water with your meals it can actually have a negative impact on your digestion.','news'),(11,'About Happy Water','<p style=\"text-align:justify\"><strong>A family run business</strong></p>\r\n\r\n<p style=\"text-align:justify\">Launched in June 2011, Happy Water is a young, dynamic, family-run business selling and distributing premium wines, Champagnes and spirits.</p>\r\n\r\n<p style=\"text-align:justify\">Gail and Stephen Brogan have years of drinks industry experience between them and have built up a team of experienced industry professionals who work from the Drinks21 head office in Ascot, Berkshire to bring you brands, knowledge and service that you&rsquo;ll love.&nbsp;</p>\r\n\r\n<p style=\"text-align:justify\">Happy Water&nbsp;is the sister company of award winning Interbev UK Ltd. Set up in 2008, Interbev UK Ltd. was awarded finalist in the Fast Growth Business Awards 2011.</p>\r\n\r\n<p style=\"text-align:justify\"><strong>Handpicked drinks with personality</strong></p>\r\n\r\n<p style=\"text-align:justify\">Here at Happy Water, we live and breathe quality drinks brands. We are energetic and offer a flexible, can-do approach to the supply of drinks to our customers. We handpick the products we sell, we love to work with really great brand-owners who have a passion for their product and have a story to tell. Happy Water&nbsp;are also the sole distributers for ABK6 Cognac in the UK, a single estate Cognac produced entirely on the Ab&eacute;cassis family estate in France.&nbsp;</p>\r\n\r\n<p style=\"text-align:justify\">Our business has three core elements:</p>\r\n\r\n<ul>\r\n	<li>Online sales to private individuals and corporate clients</li>\r\n	<li>Wholesale distribution to the on-premise sector</li>\r\n	<li>Bulk sales to other wholesale customers</li>\r\n</ul>\r\n\r\n<p style=\"text-align:justify\"><strong>Shop with us</strong></p>\r\n\r\n<p style=\"text-align:justify\">Our retail store in based purely online, so you can shop at your leisure. Choose from a selection of handpicked premium quality drinks. You can buy spirits online, Champagnes online, fine Cognacs, Malts and wines. With a reliable and quick delivery service plus competitive pricing, whether you are an individual or business, we make it easy for you to shop.</p>\r\n\r\n<p style=\"text-align:justify\">Working with many internationally recognised brand-owners, our drinks portfolio is prestige, quality and desirable. Targeted at those who love quality and the passion that&rsquo;s been put into producing the drinks, our retail range can be enjoyed for home consumption as well as being ideal gifts for friends, family or business clients.&nbsp;</p>\r\n\r\n<p style=\"text-align:justify\"><strong>On-Premise Sales</strong></p>\r\n\r\n<p style=\"text-align:justify\">If you would like to purchase wholesale wines, spirits, and Champagnes, we can help. Here at Happy Water&nbsp;we work as a drinks wholesalers as well as a UK domestic online retail business. We are the wines and spirits category partner to&nbsp;Ooberstock,<strong>&nbsp;</strong>a national on-premise wholesaler. We provide the full wines and spirits range to Ooberstock along with promotions and value added services such as an online wine-menu solution. We also work with many other wholesalers in the UK on a number of levels.</p>\r\n','images/upload/logo.png',1,'2014-04-22 00:00:00','2014-04-22 00:00:00','','Our retail store in based purely online, so you can shop at your leisure. Choose from a selection of handpicked premium quality drinks. You can buy spirits online, Champagnes online, fine Cognacs, Malts and wines. With a reliable and quick delivery service plus competitive pricing, whether you are an individual or business, we make it easy for you to shop.','about'),(12,'Shopping with us','<p><strong>Your Order</strong><br />\r\nThe items you have ordered through us will be despatched to you by courier delivery. You will be sent an email confirmation which will detail your full order and allow you to track your delivery.<br />\r\n<br />\r\n<strong>Payment</strong><br />\r\nWe accept payment via Debit card, Visa or Mastercard, as well as PayPal. &nbsp;Please ensure that your billing address matches the address your bank holds exactly or we will be unable to verify your card and your order will not be fulfilled.<br />\r\n<br />\r\n<strong>Cancelling your order</strong><br />\r\nIf you change your mind and want to cancel your order, please call us on&nbsp;<strong>08456 805 905</strong>&nbsp;or by email at&nbsp;contact@happywater.com&nbsp;as soon as you can but please note we can only cancel your order before it has been despatched from our warehouse.<br />\r\n<br />\r\nIf we are unable to stop the order, then you should refuse to accept the order when it arrives. The courier will then return it to us. As soon as we receive the goods back to our warehouse, we will refund you for the cost of the items. We reserve the right to charge &pound;6.50 to cover the cost of our delivery. The items must be received back to us in perfect, unopened condition.<br />\r\n<br />\r\n<strong>Delivery</strong><br />\r\nDelivery within the UK is FREE of charge on all orders of &pound;75 or more. As soon as you order we&#39;re on to it! Naturally when you order you want your item(s) as soon as possible. On average 90% of orders arrive within 48 hours. We do recommend however allowing up to 5-7 working days for your order to arrive.<br />\r\n<br />\r\n<strong>Returns</strong><br />\r\nWe want you to be happy with the items you receive from us. However, if you make a purchase from us that you are unhappy with, you have 7 days, from receipt of cancellable goods, to notify us that you wish to cancel your order for any valid reason or exchange an item. &nbsp;You will need to return the items in the original packaging, use a &lsquo;signed for&rsquo; delivery method and obtain proof of postage.&nbsp;<br />\r\n<br />\r\nWe will process a refund of your order payment directly to your payment debit or credit card within 30 days at the very latest. &nbsp;We do reserve the right to charge you &pound;6.50 to cover the cost of getting the products to you on your original order.<br />\r\n<br />\r\n<strong>Any Other Questions</strong></p>\r\n\r\n<p>For a full copy of our Terms &amp; Conditions, otherwise please get in touch by e-mailing us at&nbsp;contact@happywater.com&nbsp;or calling us on&nbsp;<strong>08456 805 905</strong>.</p>\r\n','images/upload/logo.png',1,'2014-04-22 00:00:00','2014-04-28 00:00:00','','The items you have ordered through us will be despatched to you by courier delivery. You will be sent an email confirmation which will detail your full order and allow you to track your delivery.','shopping-with-us'),(13,'Terms & Conditions','<p><strong>1.Our Contract with You</strong></p>\r\n\r\n<p>1.1 These Terms and Conditions apply:</p>\r\n\r\n<p>1.1.1 so far as the context allows, to you as a visitor to Our Website; and</p>\r\n\r\n<p>1.1.2 in any event to you as a buyer or prospective buyer of our Goods and Services.</p>\r\n\r\n<p>1.2 Goods advertised may not be available.</p>\r\n\r\n<p>1.3 We shall accept your order by e-mail confirmation. Our message will also confirm details of your purchase. That is when our contract is made. It is possible that the price may have increased from that posted on Our Website.</p>\r\n\r\n<p>1.4 We reserve the right to amend these Terms and Conditions from time to time. &nbsp;The Terms and Conditions that apply to you are those made available on Our Website on the day you order Goods and Services from us.</p>\r\n\r\n<p>1.5 All descriptions, weights and sizes of Goods are those of the original manufacturers. Accordingly, any such description shall not form part of these Terms and Conditions.</p>\r\n\r\n<p>1.6 If we do not have the Goods you have ordered in stock, we may offer you alternatives before we despatch your order. &nbsp;If this happens you may:</p>\r\n\r\n<p>1.6.1 accept the alternatives we offer;</p>\r\n\r\n<p>1.6.2 cancel your order;</p>\r\n\r\n<p>1.6.3 leave the order valid, but tell us to omit the out-of-stock item.</p>\r\n\r\n<p>1.7 If we owe you money (for this, or any other reason), we will credit your credit or debit card as soon as reasonably practicable but in any event no later than 30 days from the date of your order.</p>\r\n\r\n<p>1.8 Goods purchased are at your risk from the moment they are collected by the Carrier from our warehouse.</p>\r\n\r\n<p><strong>2. Price and Payment</strong></p>\r\n\r\n<p>2.1 You must pay us the full price of your order before we will send any part of it.<br />\r\n2.2 Banking charges by the receiving bank on payments to us will be borne by us. &nbsp;All other charges relating to payment in a currency other than pounds Sterling will be borne by you.<br />\r\n2.3 Any details given by us in relation to exchange rates are approximate only and may vary from time to time.<br />\r\n2.4 You will pay all sums due to us under these Terms by the means specified without any set-off, deduction or counterclaim.</p>\r\n\r\n<p><strong>3. Information You Give Us</strong></p>\r\n\r\n<p>3.1 You agree that you have provided, and will continue to provide accurate up to date, and complete information about yourself. &nbsp;We need this information to provide you with the Goods and Services.<br />\r\n3.2 We will use our reasonable endeavours to respond to any point of dissatisfaction by you provided you contact us within 60 days of purchase.</p>\r\n\r\n<p><strong style=\"line-height:1.6\">4. Delivery</strong></p>\r\n\r\n<p>4.1 Deliveries will be made by the Carrier to the address stipulated in your order. You must ensure that someone is present to accept delivery. If you have specified delivery instructions on your order to leave safe, the Carrier will follow these instructions but neither the Carrier nor Drinks21 shall be held liable should the order go missing in whole or in part.<br />\r\n4.2 If we are not able to deliver your goods within 30 days of the date of your order, we shall notify you by e-mail to arrange another date for delivery.<br />\r\n4.3 We may deliver the goods in instalments if the goods are not available at the same time for delivery.</p>\r\n\r\n<p><strong>5. Taxes, Duties and Import Restrictions</strong></p>\r\n\r\n<p>5.1 We have no knowledge of, and no responsibility for, the laws in your country of residence.<br />\r\n5.2 You are responsible for purchasing Goods that you are lawfully able to import and for the payment of import duties and taxes of any kind levied in your country of residence.</p>\r\n\r\n<p><strong>6. Goods Returned</strong></p>\r\n\r\n<p>Because you are purchasing the Goods by mail order, you may have a right of cancellation. If you do, (and only if you do), these are the Terms which apply:</p>\r\n\r\n<p>6.1You must tell us you wish to cancel within 7 days of your receipt of the Goods;<br />\r\n6.2 In any event, you may not cancel orders for handmade, specially commissioned or personalised goods;<br />\r\n6.3 The Goods must be returned to us within 21 days of your telling us you wish to cancel:<br />\r\n6.3.1 with both Goods and all packaging in their original condition;<br />\r\n6.3.2 securely wrapped;<br />\r\n6.3.3 including our delivery documentation;<br />\r\n6.3.4 at your risk and cost.<br />\r\n6.4 Upon receipt of the Goods, we will credit your credit or debit card with the full purchase price of the Goods returned no later than 30 days from the date of receipt;<br />\r\n6.5 If you do not return the Goods to us, you are still liable to us for the cost.<br />\r\n6.6 We are under no obligation to collect or recover Goods from you, but if we do, our costs will be payable by you.</p>\r\n\r\n<p><strong>7. Disclaimers</strong></p>\r\n\r\n<p>7.1 We may make improvements or changes to Our Website, the Content, or to any of the Goods and Services, at any time and without advance notice.<br />\r\n7.2 You are advised that Content may include technical inaccuracies or typographical errors.<br />\r\n7.3 We give no warranty and make no representation, express or implied, as to:<br />\r\n7.3.1 the adequacy or appropriateness of the Goods and Services for your purpose;<br />\r\n7.3.2 the truth of any information given on Our Website;<br />\r\n7.3.3 any implied warranty or condition as to merchantability or fitness of the Goods and Services for a particular purpose;<br />\r\n7.3.4 compatibility of Our Website with your equipment software or telecoms connection;<br />\r\n7.3.5 compliance with any law;<br />\r\n7.3.6 non-infringement of any right.<br />\r\n7.4 Our Website contains links to other websites. &nbsp;We have neither power nor control over any such website. You acknowledge and agree that we shall not be liable in any way for the content of any such linked website, nor for any loss or damage arising from your use of any such website.<br />\r\n7.5 We are not liable in any circumstances for special, indirect or consequential loss or any damages whatsoever resulting from loss of use, loss of data or loss of revenues or profits, whether in an action of contract, negligence or otherwise, arising out of or in connection with your use of Our Website or the purchase of Goods.<br />\r\n7.6 In any claim against us, our liability is limited to the value of the goods you have purchased which is the subject of the dispute.</p>\r\n\r\n<p><strong>8. Content and Intellectual Property Rights</strong></p>\r\n\r\n<p>8.1 Title, ownership rights, and intellectual property rights in the content whether provided by us or by any other content provider shall remain the sole property of us and / or the other content provider. &nbsp;We will strongly protect its rights in all countries.<br />\r\n8.2 You may not copy, modify, publish, transmit, transfer or sell, reproduce, create derivative works from, distribute, perform, display, or in any way exploit any of the content, in whole or in part, except as is expressly permitted in this agreement.<br />\r\n8.3 You may download or copy the content only for your own personal use, provided that you maintain all copyright and other notices contained in such content. You may not store electronically any significant portion of any content.</p>\r\n\r\n<p><strong>9. System Security</strong></p>\r\n\r\n<p>9.1 You agree that you will not, and will not allow any other person to violate or attempt to violate any aspect of the security of the installation<br />\r\n9.2 You agree that you will in no way modify, reverse engineer, disassemble, decompile, copy, or cause damage or unintended effect to any portion of Our Website, or any software used on Our Web site, and that you will not permit any other person to do so.<br />\r\n9.3 You understand that any such violation is unlawful in many jurisdictions and that any contravention of law may result in criminal prosecution.<br />\r\n9.4 Examples of violations are:<br />\r\n9.4.1 accessing data unlawfully or without consent;<br />\r\n9.4.2 attempting to probe, scan or test the vulnerability of a system or network or to breach security or authentication measures;<br />\r\n9.4.3 attempting to interfere with service to any user, host or network, including, without limitation, via means of overloading, &quot;flooding&quot;, &quot;mail bombing&quot; or &quot;crashing&quot;;<br />\r\n9.4.4 forging any TCP/IP packet header or any part of the header information in any e-mail or newsgroup posting;<br />\r\n9.4.5 taking any action in order to obtain services to which you are not entitled.<br />\r\n9.5 You agree to indemnify us against any claim or demand, including reasonable lawyers&rsquo; fees, made by any third party due to or arising out of:<br />\r\n9.5.1 any violation of system security as set out above;<br />\r\n9.5.2 your use of Our Website;<br />\r\n9.5.3 any other breach or violation of this agreement by you;<br />\r\n9.5.4 the infringement by you, or by any other user of the services using your computer, of any intellectual property or other right of any person or entity, or as a result of any threatening, libellous, obscene, harassing or offensive material contained in any of your communications.</p>\r\n\r\n<p><strong>10. Indemnity</strong></p>\r\n\r\n<p>You agree to indemnify us against any claim or demand, including reasonable lawyers&rsquo; fees, made by any third party due to or arising in any way out of your use of Our Website, or the infringement by you, or by any other person using your computer, of any intellectual property or other right of any person.</p>\r\n\r\n<p><strong>11. Contractual Limitation</strong></p>\r\n\r\n<p>Where we provide Goods or Services without specific charge, then it (or they) is deemed to be provided free of charge, and not to be associated with any other service for which a charge is made. &nbsp;Accordingly, there is no contractual or other obligation upon us in respect of any such Goods or Services.</p>\r\n\r\n<p><strong>12. Rights of Third Parties</strong></p>\r\n\r\n<p>Nothing in this Agreement or on Our Website shall confer on any third party any benefit under the provisions of the Contracts (Rights of Third Parties) Act 1999.</p>\r\n\r\n<p><strong>13. Severability</strong></p>\r\n\r\n<p>If any of these terms is at any time held by any jurisdiction to be void, invalid or unenforceable, then it shall be treated as changed or reduced, only to the extent minimally necessary to bring it within the laws of that jurisdiction and to prevent it from being void and it shall be binding in that changed or reduced form. Subject to that, each provision shall be interpreted as severable and shall not in any way affect any other of these terms.</p>\r\n\r\n<p><strong>14. No Waiver</strong></p>\r\n\r\n<p>No waiver by us, in exercising any right, power or provision hereunder shall operate as a waiver of any other right or of that same right at a future time; nor shall any delay in exercise of any power or right be interpreted as a waiver.</p>\r\n\r\n<p><strong>15. Dispute Resolution</strong></p>\r\n\r\n<p>In the event of a dispute arising out of, or in connection with these Terms and Conditions, then you agree to attempt to settle the dispute by engaging in good faith with us in a process of mediation before commencing arbitration or litigation.</p>\r\n\r\n<p><strong>16. Force Majeure</strong></p>\r\n\r\n<p>We are not liable for any breach of our obligations resulting from causes beyond our reasonable control including strikes of our own employees.</p>\r\n\r\n<p><strong>17. Governing Law</strong></p>\r\n\r\n<p>These Terms and Conditions shall be governed by and construed in accordance with the law of England and Wales.&nbsp;</p>\r\n','images/upload/logo.png',1,'2014-04-22 00:00:00','2014-04-28 00:00:00','','For a copy of trade Terms and Conditions please contact us directly.\r\n\r\nFor consumer: These Terms and Conditions regulate the business relationship between you and us.  By using our website in any way, or by buying from us, you agree to be bound by them. ','term-conditions'),(14,'Privacy Policy','<p>Happy Water Limited are committed to respecting your privacy and are aware that you, the consumer, are concerned as to what happens with personal information provided by you. We respect your privacy and treat all information as Private and Confidential and any information we do collect is kept in a secure location. We will only use information supplied by you for the purpose of processing your order and the delivery of goods.</p>\r\n\r\n<p>You may receive e-mails from our company with regards to your current open orders and special offers, announcements etc. Your e-mail address is used solely for this purpose. You may ask that your details be removed from our system by writing to us or e-mailing us at contact@happywater.com</p>\r\n\r\n<p>We do not and will not sell or release information provided by you, unless required by law, to any other third party, except when in connection with your order(s) to our approved carrier, or in exceptional cases of debt recovery.</p>\r\n\r\n<p>Happy Water Limited is registered with the Information Commissioners Office and conforms to all the relevant legislation in respect of the Data Protection Act. Full Details of our ICO registration can be found at www.ico.gov.uk.</p>\r\n\r\n<p>All credit and debit card transactions are processed by one of our selected payment providers. &nbsp;Neither Happy Water Limited nor any of it&rsquo;s employees have access to credit or debit card information submitted during purchase transactions on Our Website. Please note that Happy Water Limited will never ask for your credit or debit card information by e-mail.</p>\r\n\r\n<p>Visiting the Happy Water website with your browser settings adjusted to accept cookies tells us that you want to use our website and services and that you consent to our use of cookies and other technologies to provide them to you in order for you to browse and shop on our website. We also use cookies for additional purposes, including:<br />\r\nIdentifying you when you sign-in to our site. This allows us to provide you with product recommendations, display personalised content, among other customised features and services we provide.<br />\r\nDelivering content, including advertisements, relevant to your interests on our sites and third-party sites.<br />\r\nKeeping track of your preferences.<br />\r\nKeeping track of items stored in your shopping basket.<br />\r\nConducting research and diagnostics to improve our content, products and services.<br />\r\nPreventing fraudulent activities.<br />\r\nImproving security</p>\r\n','images/upload/logo.png',1,'2014-04-22 00:00:00','2014-04-28 00:00:00','','Happy Water Limited are committed to respecting your privacy and are aware that you, the consumer, are concerned as to what happens with personal information provided by you. We respect your privacy and treat all information as Private and Confidential and any information we do collect is kept in a secure location. We will only use information supplied by you for the purpose of processing your order and the delivery of goods.','privacy'),(15,'Coca-Cola facing huge class action lawsuit over alleged false claims for Vitaminwater','<p>The suit, which was originally filed back in 2010 by the nonprofit health advocacy group&nbsp;<em>Center for Science in the Public Interest</em>&nbsp;(CSPI), alleges that Coca-Cola has been engaged in what can only be described as blatant labeling fraud. Vitaminwater&#39;s &quot;Power-C&quot; flavor, for instance, claims to deliver &quot;zinc and vitamin C to power your immune system,&quot; while the &quot;XXX&quot; flavor is branded as containing &quot;antioxidant vitamins to help fight free radicals and help support your body.&quot;<br />\r\n<br />\r\nBoth claims are an immense exaggeration, as these two vitaminwater products are composed primarily of water, sugar, and a handful of synthetic vitamins, which is hardly a recipe for robust immunity. And yet this is the overall image being portrayed by Coca-Cola for its vitaminwater line of beverages, which is really nothing more than glorified soda pop without carbonation.<br />\r\n<br />\r\n&quot;The marketing of vitaminwater will go down in history as one of the boldest and brashest attempts ever to affix a healthy halo to what is essentially a junk food, a non-carbonated soda,&quot; says Michael F. Jacobson, Executive Director of CSPI. &quot;Vitaminwater, like&nbsp;<a href=\"http://www.naturalnews.com/Coca-Cola.html\">Coca-Cola</a>&nbsp;itself, promotes weight gain, obesity, diabetes, heart disease, and cannot deliver on any of the dishonest claims it has made over the years.&quot;<br />\r\n<br />\r\nThe class action originally sought monetary damages for vitaminwater&#39;s misleading branding, but U.S. Magistrate Judge Robert Levy in Brooklyn, New York, recently decided that this would not be allowed as part of the case. Since individual damages are likely small, and because there are obvious variations in how much money each individual would be entitled to receive, Judge Levy decided that the plaintiffs simply do not have an adequate damages model that can be used to effectively distribute damages.<br />\r\n&nbsp;</p>\r\n\r\n<p><strong>Coca-Cola to face jury trial for tricking consumers into thinking vitaminwater can heal disease</strong></p>\r\n\r\n<p>At the same time, Judge Levy did announce that the suit itself appears valid, and recommended that Coca-Cola face the accusations in court. The case will now move on to U.S. District Judge Dora Irizarry for approval, and is expected to eventually go to trial based on Judge Levy&#39;s recommendations. If everything goes as intended, Coca-Cola will soon have to defend its<a href=\"http://www.naturalnews.com/vitaminwater.html\">vitaminwater</a>&nbsp;claims in court before a jury, which CSPI believes will be a major tipping point for Coca-Cola&#39;s branding of vitaminwater.<br />\r\n<br />\r\n&quot;(Thursday&#39;s decision) puts this case on a glide path toward a jury trial where Coca-Cola will have to defend under penalty of perjury the deceptive&nbsp;<a href=\"http://www.naturalnews.com/claims.html\">claims</a>&nbsp;it has made and continues to make in connection with vitaminwater,&quot; said CSPI Litigation Director Steve Gardner in a recent statement. &quot;That will put the company in the awkward position of squaring its marketing of vitaminwater as a healthy, disease-fighting drink with its later assertion that &#39;no reasonable consumer&#39; would ever believe such marketing.&quot;<br />\r\n<br />\r\nCoca-Cola is not alone in being sued for deceiving the public about the health benefits of its products. As we reported back in 2012, a California woman filed a&nbsp;<a href=\"http://www.naturalnews.com/class_action_lawsuit.html\">class action lawsuit</a>&nbsp;against Frito-Lay for labeling its snack chips, which are loaded with genetically-modified organisms (GMOs) and other poisons, as &quot;all natural.&quot; Frito-Lay even went so far as to claim that the GM oils used in its snack chips may help prevent heart disease.</p>\r\n','images/upload/Juice-In-Supermarket.jpg',1,'2014-04-23 00:00:00','2014-04-28 00:00:00','','For years, the Coca-Cola Company has been deceptively marketing its \"vitaminwater\" beverage brand as a healthy alternative to plain water and sugary soda beverages, making outlandish claims that the drink can help boost immunity and even help people fight eye disease. But now the beverage giant is facing a monstrous class-action lawsuit over this marketing racket, none of which is true about the sugar-laden junk food drink.','news'),(26,'Alkalinity of drinking water explained','<p>Alkalinity of water may be due to the presence of one or more of a number of ions. These include hydroxides, carbonates and bicarbonates. As discussed in previous articles, hydroxide ions are always present in water, even if the concentration is extremely low. However, significant concentrations of hydroxides are unusual in natural water supplies, but may be present after certain types of treatment. Small amounts of carbonates are found in natural water supplies in certain sections of the country, rarely exceeding 3 or 4 gpg. They may also be found in the water after lime soda has been used to soften the water. Bicarbonates are the most common sources of alkalinity. Almost all natural supplies have a measurable amount of this ion, ranging from 0 to about 50 gpg.</p>\r\n\r\n<p>ph-kit<br />\r\nAlkalinity. The alkalinity of water may be defined as its capacity to neutralize acid. Alkali substances in water include hydroxides or bases. They can be detected by their acrid taste and by the fact that they cause red litmus paper to turn blue.</p>\r\n\r\n<p>Phosphates and silicates are rarely found in natural supplies in concentrations significant in the home. Compounds containing these ions may be used in a variety of water treatment processes. Moderate concentrations of alkalinity are desirable in most water supplies to balance the corrosive effects of acidity. However, excessive quantities cause a number of problems. These ions are, of course, free in the water, but have their counterpart in cations such as calcium, magnesium and sodium or potassium.</p>\r\n\r\n<p>You probably will not notice an alkaline condition due to bicarbonate ions except when present in large amounts. In contrast, you should readily detect alkalinity due even to fairly small amounts of carbonate and hydroxide ions.</p>\r\n\r\n<p>Strong alkaline water has an objectionable &quot;soda&quot; taste. The EPA Secondary Drinking Water Regulations limit alkalinity only in terms of total dissolved solids (500 ppm) and to some extent by the limitation on pH.</p>\r\n\r\n<p>Highly mineralized alkaline waters also cause excessive drying of the skin due to the fact that they tend to remove normal skin oils.<br />\r\nTroublesome amounts of alkalinity can be removed by reverse osmosis, along with other total dissolved solids. Other methods of water treatment also remove total dissolved solids, but they are somewhat less suitable for household use compared to reverse osmosis. These methods are distillation and deionization (demineralization).</p>\r\n\r\n<p>Several other methods of water treatment will remove alkalinity, but these methods are not satisfactory for household use. They include:</p>\r\n\r\n<p>1. Lime softening removes hardness. At the same time, this process will precipitate an equivalent amount of alkalinity. Lime softening is usually restricted to industrial and municipal installations.</p>\r\n\r\n<p>Lime softening. While reducing total alkalinity, lime softening does convert HC03&ndash; to CO3--, a stronger alkalinity ion.</p>\r\n\r\n<p>2. An anion resin regenerated with sodium chloride removes substantially all the anions (carbonates, bicarbonates, and sulfates, as well as nitrates). It replaces these anions with a chemically equivalent amount of chloride ions. The disadvantage of this process is that in almost all cases, it results in a high chloride ion concentration. At the point of exhaustion, the resin has the tendency to unload high concentrations of the anions it carries including the nitrates. For household purposes, such results are almost as undesirable as the original alkalinity.</p>\r\n\r\n<p>3. The feed of a mineral acid will neutralize the alkalinity of a water. Hydrochloric acid, sulfuric acid or a combination of these can be used. This process converts the bicarbonates and carbonates present into carbonic acid. At this point, it is advisable to provide some method to permit the resulting carbon dioxide gas to escape into the atmosphere. The disadvantages of this acid feed technique are obvious. It is important to have precise control of the process and caution in handling the strong acid.</p>\r\n','images/upload/ph-kit.jpg',1,'2014-04-29 00:00:00','2014-04-29 00:00:00','','Alkalinity of water may be due to the presence of one or more of a number of ions. ','news'),(27,'The importance of water and your health','<p>&quot;I&#39;m dying of thirst!&quot;</p>\r\n\r\n<p>Well, you just might. It sounds so simple. H20 - two parts hydrogen and one part oxygen. This substance also known as water, is one of the most essential elements to health and is so important that your body actually has a specific drought management system in place to prevent dehydration and ensure your survival. Water might be everywhere, but one must never take it for granted.</p>\r\n\r\n<p>Water makes up more than two thirds of human body weight, and without water, we would die in a few days. The human brain is made up of 95% water, blood is 82% and lungs 90%. A mere 2% drop in our body&#39;s water supply can trigger signs of dehydration: fuzzy short-term memory, trouble with basic math, and difficulty focusing on smaller print, such as a computer screen. (Are you having trouble reading this? Drink up!) Mild dehydration is also one of the most common causes of daytime fatigue. An estimated seventy-five percent of Americans have mild, chronic dehydration. Pretty scary statistic for a developed country where water is readily available through the tap or bottle water.</p>\r\n\r\n<p>Dad and sonWater is important to the mechanics of the human body. The body cannot work without it, just as a car cannot run without gas and oil. In fact, all the cell and organ functions that make up our entire anatomy and physiology depend on water for their functioning.</p>\r\n\r\n<p>Water serves as a lubricant<br />\r\nWater serves as a lubricant in digestion and almost all other body processes. The water in our saliva helps facilitate chewing and swallowing, ensuring that food will slide easily down the esophagus. Water also lubricates our joints and cartilages and allows them to (pardon the pun) move more fluidly. When dehydrated, the body rations water away from the joints. Less lubrication equals greater friction and that can cause joint, knee and back pain potentially leading to injuries and arthritis. Even our eyeballs need plenty of lubrication to work well and remain healthy.</p>\r\n\r\n<p><br />\r\nWater regulates body temperature<br />\r\nOur bodies can control over-heating through perspiration from sweat glands in the skin and from evaporation which produces a cooling effect. Blood is also routed into areas close to the surface of the skin where it can be cooled and then carried back to the interior of the body. Conversing in a cold environment, the skin maintains proper body temperature by shunting the blood away from the exterior surface thereby conserving heat within the body. The movement of water within our cellular systems also transports vital blood plasma which is 92% made of water. Blood plasma play a critical role in buffering the body&rsquo;s pH, circulating antibodies from the immune system, and regulating osmotic balance which all helps to maintain proper body temperature.</p>\r\n','images/upload/dad-son-water.jpg',1,'2014-04-29 00:00:00','2014-04-29 00:00:00','','Water makes up more than two thirds of human body weight, and without water, we would die in a few days. The human brain is made up of 95% water, blood is 82% and lungs 90%.','news'),(28,'Does the amount of water a person drinks affect their risk level for coronary heart disease?','<p>Some research conducted since 1999 indicates that there is a good correlation between fluid intake level and coronary heart disease. Whole blood viscosity, plasma viscosity and blood fibrinogen level are considered to be independent risk factors for coronary heart disease, and they all tend to be elevated by dehydration. Therefore, healthy people who drink adequate levels of plain water generally keep their hydration level up and have a reduced risk of dying from a heart attack in comparison to people who do not drink adequate water.</p>\r\n\r\n<p>Water intake and risk of coronary heart disease</p>\r\n\r\n<p>Water HeartThe clearest and most consistent association with fatal coronary heart disease was found with water intake. Among men, univariate analysis showed a dose-response relation (p &lt; 0.001). Compared with those drinking two or fewer glasses of water daily (low), subjects drinking from three to four glasses (medium) and five or more glasses (high) had relative risks of 0.65 (95 percent confidence interval (CI): 0.40, 1.05) and 0.46 (95 percent CI: 0.28, 0.75), respectively. Among women, the relative risks of drinking medium and high levels of water were 0.54 (95 percent CI: 0.32, 0.90) and 0.59 (95 percent CI: 0.36, 0.97), respectively. The associations remained virtually unchanged when adjusting for traditional risk factors as well as for fluids other than water, energy intake, diet, exercise, and when weight replaced body mass.</p>\r\n\r\n<p>Why may coronary heart disease risk be increased with a higher intake of fluids other than water? Several mechanisms can be postulated. Caffeinated beverages are mild diuretics and thus may raise blood viscosity. High energy drinks such as juices and regular sodas have osmolalities between 556 and 836 mOsm/kg. Their consumption causes a net movement of fluid from the vascular system into the intestinal lumen, resulting in a rapid elevation in blood viscosity after consumption.</p>\r\n\r\n<p>Other fluids probably have a similar impact as long as they do not contain excessive levels of sugar, salt or other chemicals that the body excretes in water, thus reducing the body&rsquo;s water content. Although many people could and probably should drink more water than they do, drinking excessive levels of water can flush away essential salts from the body and lead to potential health problems.</p>\r\n','images/upload/water-heart.jpg',1,'2014-04-29 00:00:00','2014-04-29 00:00:00','','Water intake and risk of coronary heart disease','news'),(29,'water and beautiful skin','<p>It&#39;s no wonder that spas across the nation are turning toward filtered water system. Many spa owners claim that regular tap water contains bacteria and minerals which can clog pores. Over time, this can mean dull skin.</p>\r\n\r\n<p>Hydration ImageExperts say the cleaner the water, the better it can clean. The purer the water, the more pure the skin. (Seems like a no-brainer.) Filters help weed out things like chlorine and heavy metal. The cleaner, softer water, they say, attributes to not only clearer, but also softer skin. Heavy water can irritate skin, even making it red. Also, reverse-osmosis filters make water molecules smaller, which can penetrate and hydrate the skin better. According to an MSN Lifestyle article, Diane Somerville (a Hollywood facialist) swears by it.</p>\r\n\r\n<p>But, while spa-going is a luxurious way to spend the afternoon, it&#39;s not practical for everyone&#39;s wallet, everyday. With a filtered water system at home, cleansing the face in your own sink can have the same radiant effect on your skin.</p>\r\n\r\n<p>Some critics say that these metals aren&#39;t dangerous to the skin. But- how can a glowing face be wrong? So, perhaps the search over. The fountain of youth could be springing at your home, after all.</p>\r\n\r\n<p>The trend of filtered water aiding in skin care has also been bottled up, beyond faucets. Upscale bottled water brand Evian sells water sprays for the skin. They claim it can refresh and rejuvenate the skin. This product appeals to jetsetters or office workers whose face and skin may get dry from the cabin or cubicle air, as well as to athletes to soothe the sun or cool a perspired face.</p>\r\n\r\n<p>So, the word from spa owners to water bottlers is that filtered water is far better for keeping a beautiful complexion. And- we also can&#39;t forget that being hydrated always helps skin glow as well. From inside out, filtered water is &quot;in for your skin!&quot;</p>\r\n','images/upload/hydrated-face.jpg',1,'2014-04-29 00:00:00','2014-04-29 00:00:00','','It\'s no wonder that spas across the nation are turning toward filtered water system. Many spa owners claim that regular tap water contains bacteria and minerals which can clog pores. Over time, this can mean dull skin.','news'),(30,'Proper chlorine levels for a healthy pool','<p>Keeping the water clean, pathogen free, and sanitary is key to getting the most enjoyment out of your swimming pool. But this undertaking isn&#39;t as simple as tossing in a few pool chemicals and calling it a day. Adding the right amount of chlorine is sometimes a tough balancing act, but it is absolutely necessary to maintaining a healthy pool.</p>\r\n\r\n<p>First off, if a lot of organic materials have built up in the pool, normal doses of chlorine is not going to resolve the problem. You will have to shock the water, which involves adding heavy amounts of chlorine for a short amount of time to fully destroy all bacteria and organic matter in the pool. If it has been a while since the pool has been shocked or it was just filled, shock it first so that the chlorine can do its job.</p>\r\n\r\n<p>Kid SwimmingNext, the pH level of the water needs to be measured. If the pH level is too high, even having the right level of chlorine won&#39;t be enough to make sure the water is safe to swim in. Chlorine loses its effectiveness in acidic water. Shoot for a pH that is the same as human tears--around 7.2 but up to 7.6. If the pH is too high, it is time to add some muriatic acid in the deep end of the pool while the pump is running. This will quickly circulate the compound, and you can retest it in about six hours. Don&#39;t try to lower the level too quickly or the levels will fluctuate, causing you frustration.</p>\r\n\r\n<p>Now that the water is ready, start adding the chlorine. Pool chlorine is sold as tablets or sticks that can be placed into floating or automatic feeders. Try to avoid those that require water running over them to dissolve, as you will be tempted to place it in the skimmer basket. This will introduce very low pH water into your pumping system and cause it to prematurely fail.</p>\r\n\r\n<p>Also avoid tablets that crumble and fall apart. Good quality tablets will dissolve at a more or less even rate, and will simply get smaller over time while keeping their shape. This is especially important if a floating chlorinator is going to be used.</p>\r\n\r\n<p>Automatic chlorine feeders are very popular with pool owners because of their ease of use and the help they provide in properly maintaining a swimming pool. Chemical feeders will meter out precise amounts into the pool automatically, while allowing the pool owner a means of precise control over the amounts that are dumped into the swimming pool.</p>\r\n\r\n<p>Regardless of how frequently or what system you use to add chlorine to the water, the chlorine level should stay between 1.0 and 3.0 parts per million (ppm) to maintain a healthy pool. Any higher and you start to run the risk of red eyes and swimmers itch. There should be at the most a slight smell of chlorine even at the highest levels. If there is a strong smell, that is a sign that you need to shock the pool and remove built up contaminants.</p>\r\n\r\n<p>Calculating how much chlorine to use will involve some math but nothing too complicated. The hardest part is determining the total gallons in the pool. Luckily, many pool supply houses provide online calculators to help, such as the one at http://www.havuz.org/pool-calculators.htm.</p>\r\n\r\n<p>Once you know total volume, then it&#39;s a simple formula: one ounce of chlorine will give you a 1 ppm in 75,000 gallons of water, or 0.013 ounces of chlorine per 100 gallons.</p>\r\n\r\n<p>But, what is most important is consistency. Make sure to check the pH levels every two to three days as the pH level will effect how well the chlorine sanitizes the pool. And, keep in mind that the chlorine is neutralized when it interacts with any contaminant and by sunlight. If the proper levels of chlorine are not being maintained with a floating device that uses one-inch tablets, you may need to go with three-inch tablets or adjust the chlorine feeder if you have an automatic system. Stay consistent with testing of the water, and any changes can be quickly caught and corrected.&nbsp;</p>\r\n','images/upload/kid-swimming.jpg',1,'2014-04-29 00:00:00','2014-04-29 00:00:00','','Keeping the water clean, pathogen free, and sanitary is key to getting the most enjoyment out of your swimming pool.','news'),(31,'Contact us','<p>PO Box 4553 | Ascot | SL5 5BB</p>\r\n\r\n<p>Tel: 08456 805 905</p>\r\n\r\n<p>Fax: 08452 991 623</p>\r\n\r\n<p>Email: contact@happywater.com</p>\r\n','images/upload/logo5.png',1,'2014-04-29 00:00:00','2014-04-29 00:00:00','','If you have any requests or queries feel free to get in touch with us, we\'re happy to hear from you!','contact'),(32,'Swimming and chlorine: How to protect your  skin, hair, and health','<p>Water is one of the most important things for our bodies. In it&#39;s most natural and purest form that is. With that in mind, one could think that swimming -- immersing oneself in a pool of water-- is a healthy thing. The health benefits of swimming are wonderful. However, the very things put in water to protect us from infection are responsible for some adverse effects on our skin, hair and even teeth. The primary enemy? Chlorine, a gaseous greenish-yellow element used for its disinfecting power. There are ways to combat this, as explained below.</p>\r\n\r\n<p>Baby SwimmingOne of the most common and obvious problems affect blondes. Blonde hair is known to turn green because of the exposure to copper (pipes) and chlorine. Skin problems can also occur in frequent swimmers. If you think about it, skin is the largest organ in the body. While technically water-proof, the skin can absorb contaminants from water. Although long term exposure to chlorine may cause cancer and other ailments, problems to skin and hair are usually not life-threatening. Irritation can occur on the skin and scalp, making for a dry, itchy body and head. Additionally, the Pacific Center for Health says that chlorine can also destroy much-needed proteins in our bodies. Depleted of protein, skin and hair can become very dry. Hair can become unmanageable and color-treated hair can be ruined. Thankfully there are several ways to protect ourselves from chlorine.</p>\r\n\r\n<p>For Hair</p>\r\n\r\n<p>Apply a thin layer of oil to your hair before swimming. You can pour olive oil, baby oil or coconut oil onto your hands and just rub it through your hair to protect it.<br />\r\nWet your hair with non-chlorinated water prior to swimming will lessen the amount of the element that can be absorbed.<br />\r\nPurchase shampoos such as Ultraswim and other pre-swim conditioning treatments that can keep hair healthy when swimming.<br />\r\nRe-wet your hair frequently to rinse of the chlorine and keep it saturated with clean non-chlorinated water.<br />\r\nUse a bathing cap to keep water from contacting your hair.<br />\r\nAdd a post-swim routine of deep shampooing, not using the high setting on the blow dryer and using a wide-tooth comb instead of a brush.</p>\r\n\r\n<p>For Skin</p>\r\n\r\n<p>Apply a waterproof sunscreen designed to protect against chlorine sensitivities.<br />\r\nShower frequently between swims to reduce the amount of overall chlorine your skin will absorb.<br />\r\nShower again when you are done swimming to remove all traces of chlorine. You can use soap this time.<br />\r\nApply after-swim lotions that are specifically designed to neutralize chlorine&rsquo;s causticity.<br />\r\nWhile swimming in a chlorinated pool can heighten the chances of these affects, even the light amounts of chlorine in your daily showers can harm your skin and hair. Therefore you should consider installing either a shower filter or whole house filter to remove this and other chemicals from your daily bathing routinue.</p>\r\n\r\n<p>Chlorine isn&#39;t the only pool culprit. Water itself (ironically) removes moisture from the skin. There is a layer of oil present on all of our bodies, but once immersed in water, it disappears. This allows for the dryness to set in. To combat this, after showering (following the swim), apply a moisturizer- either a lotion or cream.</p>\r\n\r\n<p>Let the Healing Begin!<br />\r\nIf you are suffering from skin or hair problems caused by chlorine exposure do not worry because the damage is reversible. The human body is incredibly resilient and if you follow the proper care and diligence to reduce contact with chlorine, your body will quickly heal on its own, and you may find that you can still enjoy fun activities such as swimming!</p>\r\n','images/upload/baby-swimming.jpg',1,'2014-04-29 00:00:00','2014-04-29 00:00:00','','Water is one of the most important things for our bodies.','news'),(33,'Chlorine Alternatives for pool sanitation','<p>Chlorine has been the de facto means of sanitizing and keeping swimming pools clean in the United States for decades despite healthier and better alternatives.</p>\r\n\r\n<p>There is no denying that chlorine is a poison, and its ability to kill bacteria is the reason it is so widely used. The trouble with chlorine is that, when it is put into the pool water, it becomes all too easily ingested by those using the pool. Swallowing pool water is the most obvious, but the swimming and splashing of people in the pool also releases chlorine gases into the air where they are breathed in. Chlorine is also absorbed through the skin.</p>\r\n\r\n<p>According to WebMD.com, swimmers have experienced breathing problems similar to asthma after swimming in public pools even though they showed no sign of any respiratory problems previously. Even trained swimmers were three times more likely to develop exercise induced asthma in pools with higher chlorine levels.</p>\r\n\r\n<p>Bromine has been touted as a chemical alternative to chlorine, but it, too, according to no less than the CDC, has similar side effects, such as respiratory problems, skin irritations, nausea and other gastro distress from swallowing.</p>\r\n\r\n<p>reverse osmosis banner square<br />\r\nSo, there is strong evidence that chemicals can be harmful to swimmers. So, what alternatives are there? Well, since the 1950s, ozone sanitation systems have been used in Europe. These have the advantages of killing bacteria and viruses without all of the exposure to chlorine getting breathed in or pulled in through the skin. And, the water quality realized with ozone systems is drinking quality; many municipal water systems are treated with ozone.</p>\r\n\r\n<p>Now, ozone itself would be bad if it were in the actual pool water, so the water is only ozonated when its filtered and run through the pump system. This requires a complex system of tanks and other filtration&#39;s to keep the ozone from actually reaching the pool, and this makes them very expensive. So, while there is a heavier outlay of money at first, it will eventually pay for itself. Chlorine contributes to the rusting out of pipes, eats up pool liners, and leads to other such damage to pool structures.</p>\r\n\r\n<p>Now, most ozone pool systems sold in the US, in order to prevent ozone from ending up in the pool and to cut down on the costs for having the extra tanks and such, use very low concentrations of ozone. These are almost useless as the ozone levels are so low that it will take several passes and perhaps days for the water to become fully sanitized. Be prepared to spend some money on a ozone system, and pick up one that works like the European models for best results.</p>\r\n\r\n<p>Ultra violet light (UV) is also a viable alternative to a straight chemical approach as it can clean the water effectively while reducing the need for chlorine use. These systems also offer an advantage over ozone systems in that a UV light can be retrofitted over the existing pumping system to bombard the water with the light after going through the filter whereas an ozone system requires a complete installation.</p>\r\n\r\n<p>UV has been shown to be highly effective in killing bacteria, viruses and other pathogens, and it is used by many smaller scale water purification systems. The drawback to the UV system is that some chlorine is still needed to combat pathogen growth once the water goes back into the pool, but much less is needed. Around 60% less chlorine for a comparable sized pool is required. Such a low concentration will have no smell and any irritation or side effects will be minimal if even existent.</p>\r\n\r\n<p>There are several drawbacks and health risks with chlorine. Using one of these chlorine alternatives will make your pool much more enjoyable and healthier for it&#39;s swimmers. Another plus is that these systems require less less time and effort on your part to keep your pool clean. This will give you more time to relax and enjoy your pool.</p>\r\n','images/upload/download1.jpg',1,'2014-04-29 00:00:00','2014-04-29 00:00:00','','Chlorine has been the de facto means of sanitizing and keeping swimming pools clean in the United States for decades despite healthier and better alternatives.','news'),(34,'Protect your family from chlorine in bath & shower water','<p>In the modern world, almost everyone showers and bathes in water that has been treated with chlorine. Chlorine is a useful chemical that is used to sanitize tap water and make it safe for drinking. Unfortunately it is also a toxic substance that is extremely irritating on human skin and lungs. When you take a shower, the heat opens up your pores and your skin absorbs chlorine from both the water and the steam.</p>\r\n\r\n<p>Chlorine has an oxidizing effect on human skin because it splits hydrogen from water, causing the release of nascent oxygen and hydrogen chloride. These gas compounds have been scientifically proven to cause tissue damage to our bodies at the molecular level. The skin is our body&#39;s largest organ and it is entirely chlorine absorbent. Chlorine will chemically bond with the protein in our skin and hair, making hair brittle and dry, and causing skin to itch, dry, and age prematurely.</p>\r\n\r\n<p>Over 50% of our daily chlorine exposure comes from showering. This is because chlorine is not only absorbed through our skin, but it is also vaporized in the shower and is inhaled into our lungs, and transferred directly into the blood stream.</p>\r\n\r\n<p>Potential health problems associated with daily, long-term chlorine exposure include:</p>\r\n\r\n<p>Dry Skin &amp; Hair<br />\r\nHives and Rashes<br />\r\nAsthma &amp; Breathing Problems<br />\r\nPremature Wrinkling of Skin<br />\r\nCancer from THM Agents<br />\r\nThere are several water filtration systems that will remove chlorine from your bath water. These include basic shower filters that you can attach to the shower head in your bathroom as well as large whole-house water conditioning systems which can filter water for your entire home.</p>\r\n\r\n<p>Shower filters typically will use activated carbon or KDF media to remove chlorine. These filters are smaller with fewer medium and therefore the filter cartridges need to be changed more frequently. The amount of chlorine removal will depend largely on the amount of contact time the water has with the media therefore flow rate will be sacrificed for efficiency.</p>\r\n\r\n<p>Whole house systems typically use large amounts of activated carbon media and are more effective at removing more chlorine than shower filters. They can also work effectively at higher flow rates due to longer contact time with the media. More advanced whole house units may use catalytic coconut-shell activated carbon to effectively remove chloramines and other chlorine by-products as well.</p>\r\n\r\n<p>Regardless of which type of system you choose, chlorine removal should always be an important consideration for every home and family.&nbsp;</p>\r\n','images/upload/download (1).jpg',1,'2014-04-29 00:00:00','2014-04-29 00:00:00','','In the modern world, almost everyone showers and bathes in water that has been treated with chlorine.','news'),(35,'What Are The Hazards Associated With The  Use Of Chlorinate Lime?','<p>You may think of chlorinated lime as just basically your ordinary lime sometimes used for stabilization and PH control for drinking water systems across the US. And you would not be all together wrong. Chlorinated lime is a chemical that was first made by passing chlorine gas over slaked lime [Ca(OH2)] to form a chemical with the formula CaOCl2. It is used for bleaching and is commonly referred to as bleaching powder. Although the chemical is sometimes referred to as chloride of lime, this is not accurate because the chemical is actually a crystalline mixture of calcium hypochlorite [Ca(OCl)2] with alkaline calcium chloride [Ca(Cl)2:Ca(OH)2:H2O]. The mixture contains 30-35% active chlorine. Chlorinated lime is sometimes confused with calcium hydrochloride that is marketed under the trade name of HTH (high-test hypochlorite).</p>\r\n\r\n<p>So more specifically, just what is chlorinated lime used for? Chlorinated lime is a very strong oxidizing agent that is active in alkaline and neutral solutions. It has many uses and plays a role in public health and environmental hygiene. It is used to disinfect drinking water, pool water and wastewater; to sanitize equipment and soil contaminated areas; as a whitening and bleaching agent in the textiles, leather, pulp and paper industries; and more recently as a strong oxidizing agent to neutralize certain hazardous products.</p>\r\n\r\n<p>What are the hazards associated with chlorinated lime? Chlorinated lime is a stable substance and is considered safer to handle than liquid chlorine and it has a much lower risk for atmospheric pollution than chlorine. The chemical however, will react with acid, even weak carbonic acid from the air to liberate chlorine. Being a strong oxidizing agent, it reacts violently with highly reduced compounds like oil and grease. Because the chemical is hygroscopic and dissolves readily in water, the dry powder can burn skin and should be stored where moisture cannot get to it.</p>\r\n\r\n<p>For most applications chlorinated lime is used in the form of a solution with strictly defined concentrations characteristic for each application. It should not be used in powder form in un-vented areas where the release of chlorine gas could be a hazard. A safer product to use strictly for generating high pH solutions as a method of disinfection is hydrated or slaked lime, not chlorinated lime.&nbsp;</p>\r\n','images/upload/baby-water.jpg',1,'2014-04-29 00:00:00','2014-04-29 00:00:00','','You may think of chlorinated lime as just basically your ordinary lime sometimes used for stabilization and PH control for drinking water systems across the US. And you would not be all together wrong.','news'),(37,' WATER DISINFECTION METHODS, PART III','<p><strong>OTHER AGENTS/ CHLORINATION</strong></p>\r\n\r\n<p>There are numerous other agents which have proved to be successful in destroying pathogens. Many of these must still be subjected to prolonged testing with regard to their physiological effect on man. Among these are certain surfactants and several types of surfactants which aid in destroying pathogens. The cationic detergents readily kill pathogens. Anionic detergents are only weakly effective in destroying pathogens. Because of their objectionable flavor and possible toxic effects, however, surfactants have not been seriously considered for treating drinking water.</p>\r\n\r\n<p>Chlorine dioxide has unusually good germ killing power. Up to the present time no valid tests for its use have been developed because of the lack of means for determining low residual concentrations of this agent. Because it is such a strong oxidizing agent, a larger residual of chlorine dioxide would probably be needed than is the case with chlorine.</p>\r\n\r\n<p>At present, chlorination in one form or another is regarded as the most effective disinfectant available for all general purposes. It has full acceptance of health authorities. Still there are certain factors which affect its ability to disinfect waters. These should always be kept in mind. They are:</p>\r\n\r\n<ol>\r\n	<li>&quot;Free&quot; chlorine residuals are more effective than &quot;combined&quot; or &quot;chloramine&quot; residuals. Disinfection, regardless of the type of chlorine, becomes more effective with increased residuals</li>\r\n	<li>A pH of 6.0 to 7.0 makes water a far more effective medium for chlorine as a disinfecting agent than to higher pH values of around 9.0 to 10.0.</li>\r\n	<li>The effectiveness of disinfection increases with the amount of contact time available.</li>\r\n	<li>The effectiveness of chlorine residuals increases with higher temperatures within the normal water temperature range.</li>\r\n	<li>All types of organisms do not react in the same way under various conditions to chlorination.</li>\r\n	<li>An increase in the chlorine demand of a water increases the amount of chlorine necessary to provide a satisfactory chlorine residual.</li>\r\n</ol>\r\n','images/upload/ph-kit1.jpg',1,'2014-04-29 00:00:00','2014-04-29 00:00:00','','There are numerous other agents which have proved to be successful in destroying pathogens. Many of these must still be subjected to prolonged testing with regard to their physiological effect on man','news'),(38,'Carcinogenic hexavalent chromium found in one-third of California\'s drinking water, CDPH sued by environmentalists','<p>In their suit, the&nbsp;<em>National Resources Defense Council</em>, along with the&nbsp;<em>Environmental Working Group</em>, contend that the Legislature ordered the state&#39;s top health agency to develop drinking water standards for the carcinogen by January 2004, but so far the department has declined to do so. The suit claims the delay is unjustified and is asking the court to impose a faster deadline.<br />\r\n<br />\r\n&quot;Made famous by the 2000 film &#39;Erin Brockovich,&#39; hexavalent chromium is a known carcinogen and drinking water contaminant,&quot; the complaint says. &quot;At least one-third of drinking water sources sampled statewide - sources that provide drinking water to tens of millions of Californians - are contaminated with hexavalent chromium concentrations higher than those that the state deems to pose no significant health risk.&quot;<br />\r\n<br />\r\nContinuing, the suit says, &quot;More than a decade after the Legislature ordered the Department to act, and more than eight years after the statutory deadline for action passed, the Department has not even proposed a hexavalent chromium drinking water standard. The Department presently estimates on its website that it will not publish a final drinking water standard for hexavalent chromium for at least another two to three years.&quot;<br />\r\n<br />\r\n<strong>Forced to act by the real-life Brockovich</strong><br />\r\n<br />\r\nThe agency&#39;s failure to develop standards is creating a public health nuisance and endangering residents and visitors, say the groups.<br />\r\n<br />\r\nHexavalent&nbsp;<a href=\"http://www.naturalnews.com/chromium.html\">chromium</a>&nbsp;is a heavy metal that is also known as chromium-6. It&#39;s used in pigment and paint production, tanning, stainless steel welding and other things, and it&#39;s been found in two-thirds&#39; of the nation&#39;s Superfund environmental clean-up sites.<br />\r\n<br />\r\n&quot;Hexavalent chromium enters the drinking water supply through surface water runoff from industrial operations and soil leachate conveyed into groundwater,&quot; says the suit. &quot;People may be exposed to&nbsp;<a href=\"http://www.naturalnews.com/hexavalent_chromium.html\">hexavalent chromium</a>&nbsp;by drinking contaminated water, eating contaminated food, inhaling polluted air, and contacting contaminated soils.&quot;<br />\r\n<br />\r\nComing primarily from industrial pollution, exposure can cause cancer, liver problems, stomach ulcers and lesions, and lower sperm counts, reports said. It can also occur naturally, however.<br />\r\n<br />\r\nThe state Legislature directed the health department to act after the real-life Brockovich exposed the case of Pacific Gas &amp; Electric Corp., which stood accused of leaking the chemical into the groundwater of Hinckley, a small town in the Mojave Desert about 122 miles northwest of Los Angeles, which caused health problems, including cancer.<br />\r\n<br />\r\nOn its website, the department said in a July 27, 2011 announcement it established a Public Health Goal (PHG) of 0.02 parts per billion (ppb) for hexavalent chromium, the so-called &quot;Erin Brockovic Chemical.&quot; &quot;The health-protective level is based on avoidance of potential carcinogenic effects,&quot; the announcement said.<br />\r\n<br />\r\nNevertheless, say plaintiffs, a third of all&nbsp;<a href=\"http://www.naturalnews.com/drinking_water.html\">drinking water</a>&nbsp;sources tested in the state have hexavalent chromium concentrations of at least one part per billion.<br />\r\n<br />\r\n<strong>Plaintiffs to court: Set a date for compliance</strong><br />\r\n<br />\r\n&quot;A hexavalent chromium concentration of one part per billion is fifty times the public health goal. Upon information and belief, many more drinking water sources in&nbsp;<a href=\"http://www.naturalnews.com/California.html\">California</a>&nbsp;contain hexavalent chromium at levels below one part per billion, but above the PHG [public health goal] for hexavalent chromium,&quot; says the complaint.<br />\r\n<br />\r\nAccording to the&nbsp;<em>Huffington Post</em>, the highest concentrations were reported in southern California, including in Los Angeles, San Bernardino, and Santa Barbara counties.<br />\r\n<br />\r\nPlaintiffs maintain that the state health department could have met its 2004 deadline if officials had given it more effort than less-important tasks. The groups called the delay in fixing standards &quot;unreasonable and unjustified,&quot; as well as a violation of the state&#39;s Health &amp; Safety Code.<br />\r\n<br />\r\nThe groups have asked the court to compel the department to set drinking&nbsp;<a href=\"http://www.naturalnews.com/water.html\">water</a>&nbsp;standards &quot;on a date set by the court that will ensure speedy performance of the statutory duty.&quot;<br />\r\n<br />\r\nThe&nbsp;<em>Environmental Protection Agency</em>, by the way, has not set federal contamination levels for chromium-6, though the agency last year released recommendations for monitoring the chemical in water tables and is further considering whether to set nationwide chromium-6 standards.</p>\r\n','images/upload/drinkingwater.jpg',NULL,'2014-10-10 00:00:00','2014-04-28 00:00:00','','(NaturalNews) A third of all drinking water sampled in California is contaminated with hexavalent chromium, a carcinogen, say environmental groups in a lawsuit targeting the state\'s Department of Public Health.','news'),(39,'Chlorine Alternatives for pool sanitation','<p>Chlorine has been the de facto means of sanitizing and keeping swimming pools clean in the United States for decades despite healthier and better alternatives.</p>\r\n\r\n<p>There is no denying that chlorine is a poison, and its ability to kill bacteria is the reason it is so widely used. The trouble with chlorine is that, when it is put into the pool water, it becomes all too easily ingested by those using the pool. Swallowing pool water is the most obvious, but the swimming and splashing of people in the pool also releases chlorine gases into the air where they are breathed in. Chlorine is also absorbed through the skin.</p>\r\n\r\n<p>According to WebMD.com, swimmers have experienced breathing problems similar to asthma after swimming in public pools even though they showed no sign of any respiratory problems previously. Even trained swimmers were three times more likely to develop exercise induced asthma in pools with higher chlorine levels.</p>\r\n\r\n<p>Bromine has been touted as a chemical alternative to chlorine, but it, too, according to no less than the CDC, has similar side effects, such as respiratory problems, skin irritations, nausea and other gastro distress from swallowing.</p>\r\n\r\n<p>reverse osmosis banner square<br />\r\nSo, there is strong evidence that chemicals can be harmful to swimmers. So, what alternatives are there? Well, since the 1950s, ozone sanitation systems have been used in Europe. These have the advantages of killing bacteria and viruses without all of the exposure to chlorine getting breathed in or pulled in through the skin. And, the water quality realized with ozone systems is drinking quality; many municipal water systems are treated with ozone.</p>\r\n\r\n<p>Now, ozone itself would be bad if it were in the actual pool water, so the water is only ozonated when its filtered and run through the pump system. This requires a complex system of tanks and other filtration&#39;s to keep the ozone from actually reaching the pool, and this makes them very expensive. So, while there is a heavier outlay of money at first, it will eventually pay for itself. Chlorine contributes to the rusting out of pipes, eats up pool liners, and leads to other such damage to pool structures.</p>\r\n\r\n<p>Now, most ozone pool systems sold in the US, in order to prevent ozone from ending up in the pool and to cut down on the costs for having the extra tanks and such, use very low concentrations of ozone. These are almost useless as the ozone levels are so low that it will take several passes and perhaps days for the water to become fully sanitized. Be prepared to spend some money on a ozone system, and pick up one that works like the European models for best results.</p>\r\n\r\n<p>Ultra violet light (UV) is also a viable alternative to a straight chemical approach as it can clean the water effectively while reducing the need for chlorine use. These systems also offer an advantage over ozone systems in that a UV light can be retrofitted over the existing pumping system to bombard the water with the light after going through the filter whereas an ozone system requires a complete installation.</p>\r\n\r\n<p>UV has been shown to be highly effective in killing bacteria, viruses and other pathogens, and it is used by many smaller scale water purification systems. The drawback to the UV system is that some chlorine is still needed to combat pathogen growth once the water goes back into the pool, but much less is needed. Around 60% less chlorine for a comparable sized pool is required. Such a low concentration will have no smell and any irritation or side effects will be minimal if even existent.</p>\r\n\r\n<p>There are several drawbacks and health risks with chlorine. Using one of these chlorine alternatives will make your pool much more enjoyable and healthier for it&#39;s swimmers. Another plus is that these systems require less less time and effort on your part to keep your pool clean. This will give you more time to relax and enjoy your pool.</p>\r\n','images/upload/glass-water.jpg',1,'2014-04-29 00:00:00','2014-04-29 00:00:00','','Chlorine has been the de facto means of sanitizing and keeping swimming pools clean in the United States for decades despite healthier and better alternatives.','news'),(40,'The importance of water and your health','<p>&quot;I&#39;m dying of thirst!&quot;</p>\r\n\r\n<p>Well, you just might. It sounds so simple. H20 - two parts hydrogen and one part oxygen. This substance also known as water, is one of the most essential elements to health and is so important that your body actually has a specific drought management system in place to prevent dehydration and ensure your survival. Water might be everywhere, but one must never take it for granted.</p>\r\n\r\n<p>Water makes up more than two thirds of human body weight, and without water, we would die in a few days. The human brain is made up of 95% water, blood is 82% and lungs 90%. A mere 2% drop in our body&#39;s water supply can trigger signs of dehydration: fuzzy short-term memory, trouble with basic math, and difficulty focusing on smaller print, such as a computer screen. (Are you having trouble reading this? Drink up!) Mild dehydration is also one of the most common causes of daytime fatigue. An estimated seventy-five percent of Americans have mild, chronic dehydration. Pretty scary statistic for a developed country where water is readily available through the tap or bottle water.</p>\r\n\r\n<p>Dad and sonWater is important to the mechanics of the human body. The body cannot work without it, just as a car cannot run without gas and oil. In fact, all the cell and organ functions that make up our entire anatomy and physiology depend on water for their functioning.</p>\r\n\r\n<p>Water serves as a lubricant<br />\r\nWater serves as a lubricant in digestion and almost all other body processes. The water in our saliva helps facilitate chewing and swallowing, ensuring that food will slide easily down the esophagus. Water also lubricates our joints and cartilages and allows them to (pardon the pun) move more fluidly. When dehydrated, the body rations water away from the joints. Less lubrication equals greater friction and that can cause joint, knee and back pain potentially leading to injuries and arthritis. Even our eyeballs need plenty of lubrication to work well and remain healthy.</p>\r\n\r\n<p><br />\r\nWater regulates body temperature<br />\r\nOur bodies can control over-heating through perspiration from sweat glands in the skin and from evaporation which produces a cooling effect. Blood is also routed into areas close to the surface of the skin where it can be cooled and then carried back to the interior of the body. Conversing in a cold environment, the skin maintains proper body temperature by shunting the blood away from the exterior surface thereby conserving heat within the body. The movement of water within our cellular systems also transports vital blood plasma which is 92% made of water. Blood plasma play a critical role in buffering the body&rsquo;s pH, circulating antibodies from the immune system, and regulating osmotic balance which all helps to maintain proper body temperature.</p>\r\n','images/upload/water1.jpg',1,'2014-04-29 00:00:00','2014-04-29 00:00:00','','Water makes up more than two thirds of human body weight, and without water, we would die in a few days. The human brain is made up of 95% water, blood is 82% and lungs 90%.','news'),(41,'Rudy Kurniawan sentencing delayed','<p>Kurniawan, who last December was found guilty by a jury of making and selling more than $1m of counterfeit fine wines that he had concocted in the kitchen of his Los Angeles home, was due to be sentenced in New York today (24 April).</p>\r\n\r\n<p>But, the Indonesian national&#39;s hearing has been rescheduled for 29 May. The probation team working on the case &#39;needed more time&#39;, one of Kurniawan&#39;s defence lawyers, Jerry Mooney, told Decanter.com.&nbsp;</p>\r\n\r\n<p>Alongside wine fraud, Kurniawan was also convicted of fraudulently attempting to get a $3m loan. He faces up to 40 years in prison, although several observers believe he may get significantly less than that.</p>\r\n\r\n<p>Kurniawan is the first person to have faced criminal prosecution for wine fraud in the US. It took a 12-strong jury less than a single morning to convict him after several days of mounting evidence: from the foil cover on his kitchen window to the requests for empty bottles from restaurants and the presentation in court of counterfeit wines and labels that were found in the defendant&#39;s home.</p>\r\n\r\n<p>Prosecutors described how Kurniawan turned his home computer into a virtual &#39;ATM machine&#39; that printed out fake labels.</p>\r\n\r\n<p>Winemaker Laurent Ponsot told jurors that a purported Domaine Ponsot Clos Saint-Denis 1945 &#39;cannot exist&#39;, because the estate only began producing under this appellation in 1982.</p>\r\n\r\n<p>Kurniawan&#39;s defence team maintained throughout that their client was naively embroiled in a much bigger fine wine counterfeiting scene.</p>\r\n\r\n<p>Billionaire wine collector Bill Koch, who also gave evidence at the trial after buying wines traced back to Kurniawan, still has a lawsuit pending against the Indonesian.</p>\r\n\r\n<p>Koch is also trying to get Acker Merrall &amp; Condit&#39;s CEO, John Kapon, in court to explain how Acker Merrall came to sell counterfeit wines consigned by Kurniawan.</p>\r\n\r\n<p>Meanwhile, allegations surrounding the authenticity of rare wine continue to cause problems for the industry. This week, it emerged that Atlanta-based wine collector Julian LeCraw has filed a lawsuit seeking $25m in damages from London-based Antique Wine Co, who he accuses of selling him several fake wines, including a supposed 1787 vintage Chateau d&#39;Yquem. Antique Wine Co strongly denies wrongdoing.</p>\r\n','images/upload/Kurniawan-wines-4.jpg',NULL,'2014-10-10 00:00:00','2014-04-24 00:00:00','','Convicted wine fraudster Rudy Kurniawan must wait until the end of May to be sentenced, after authorities requested more time to handle the case.','news'),(42,'Feel Your Best With Water','<p>As summer arrives, temperatures heat up. And as we become more active, so do we.</p>\r\n\r\n<p>More vigorous activity in this weather generally means we sweat more. How can you replace the body fluids you&#39;re losing? And do you really need to?</p>\r\n\r\n<p>Let&#39;s answer the second question first. &quot;Yes!&quot; nutrition experts say emphatically. &quot;Most people are walking around in a moderately dehydrated state,&quot; says Susan Kleiner, PhD, RD, author of Power Eating. According to Kleiner, we all need a &quot;bare minimum&quot; of 8 to 12 cups of fluids daily, even more to replace the fluid you lose during exercise. Of these 8 to 12 cups, Kleiner advises at least 5 cups be pure water.</p>\r\n\r\n<p>Sweating It Away</p>\r\n\r\n<p>Kleiner explains that you lose about 4 cups of water per hour of exercise, depending on how much you weigh and how much -- and how quickly -- you perspire. A moderate workout in a mild climate will likely result in a loss of 1 to 2 quarts of fluid per hour through perspiration. The more intense the exercise or the more extreme the temperatures, the greater the fluid loss.</p>\r\n\r\n<p>&quot;If you don&#39;t replenish your fluid losses during exercise, you will fatigue early, and your performance will be diminished,&quot; says Kleiner. &quot;If you don&#39;t replenish fluid after exercise, your performance on successive days will decay, and your long-term health may be at risk.&quot;</p>\r\n\r\n<p><br />\r\nAccording to the National Athletic Trainers&#39; Association, says Kleiner, dehydration can impair your physical performance after less than an hour of exercise -- even sooner if you start working out in a dehydrated state. It can also increase your risk of developing symptoms of heat illness, such as heat cramps, heat exhaustion, and heat stroke.</p>\r\n\r\n<p>Not Just for Athletes</p>\r\n\r\n<p>It&#39;s not just athletes -- even the weekend variety -- who are dehydrated, says Jacob Teitelbaum, MD, author of From Fatigued to Fantastic!: A Manual for Moving Beyond Chronic Fatigue and Fibromyalgia. For even the sedentary he suggests: &quot;Simply occasionally pay attention to your mouth and lips. If they are dry, you&#39;re thirsty and need more water.&quot;</p>\r\n\r\n<p>Dehydration can be a serious problem for anyone, but children and older adults are at greater risk, according to the Gatorade Sports Science Institute. It offers these tips to avoid dehydration:</p>\r\n\r\n<p>When exercising, drink early and often. Research shows exercise under warm or hot and humid conditions can cause dehydration in as little as 30 minutes. So it&#39;s important to consume fluids not only during and after exercise, but also before a workout or strenuous activity.<br />\r\nDon&#39;t wait until you&#39;re dehydrated to start drinking. Drinking in a dehydrated state can cause gastrointestinal distress.<br />\r\nThe American College of Sports Medicine recommends that athletes drink enough fluid to fully replace sweat losses during their activity. At a minimum, drink 8 to 10 ounces of fluid every 15 minutes during exercise.<br />\r\nWhen active, don&#39;t rely on your sense of thirst. When you are hot and sweaty, your thirst mechanism can shut off quickly and you may not realize you need fluids. Drink on a schedule.<br />\r\nCheck the color of your urine. If your urine looks like the color of apple juice, you are probably dehydrated. If it looks more like the color of lemonade, you are probably well hydrated.</p>\r\n','images/upload/abc.jpg',1,'2014-04-16 00:00:00','2014-04-24 00:00:00','','Yes, water is everywhere these days, but are you drinking enough of it?','news'),(43,'Drinking water with meals can impair digestion','<p>It&#39;s true that the entire digestive system works more efficiently when it&#39;s well-hydrated, but this doesn&#39;t mean it should be flooded with cold water right when it&#39;s working to digest your last meal. Too much water during meals can interfere with natural levels of acid and bile needed in the stomach to properly digest your food. In particular, too much&nbsp;<em>cold</em>&nbsp;water during meals can slow digestion and may cause cramping in sensitive individuals.<br />\r\n<br />\r\n<strong>Tips for Drinking Water with Meals</strong><br />\r\n<br />\r\nThe general rule of thumb is to avoid drinking water from about 15 minutes before you eat until at least one hour after you eat. But it&#39;s all too common for people to go to extremes with this advice. Avoiding any and all liquids before, during and after meals is rarely needed to see improvements in digestion. Instead, apply these simple tips for drinking at mealtime:<br />\r\n<br />\r\n<strong>1. Think small sips.</strong>&nbsp;You don&#39;t have to forego water during meals altogether. Instead, simply opt to take small sips of water during your meal. This is great for cleansing the palate and maintaining hydration without flooding your digestive system with massive amounts of water just when it&#39;s getting down to business. You can also add a squeeze of lemon or a bit of apple cider vinegar to your&nbsp;<a href=\"http://www.naturalnews.com/water.html\">water</a>&nbsp;to help aid the digestive process.<br />\r\n<br />\r\n<strong>2. Choose warm over cold.</strong>&nbsp;Iced drinks may be particularly problematic during meals, especially for those with existing digestive issues. If you&#39;d like to have something to sip on during meals, warm liquids are more friendly for&nbsp;<a href=\"http://www.naturalnews.com/digestion.html\">digestion</a>. Warm tea or homemade broth are excellent to accompany your meal, and can actually aid digestion rather than impair it.<br />\r\n<br />\r\n<strong>3. Hydrate before you eat.</strong>&nbsp;If you frequently find yourself thirsty during and after your&nbsp;<a href=\"http://www.naturalnews.com/meals.html\">meals</a>, it may help to make a habit of drinking a glass or two of pure water about 15 to 30 minutes before you eat. This can prevent the urge to drink too much water while your stomach is working to digest your meal.<br />\r\n<br />\r\n<strong>4. Stay hydrated during the rest of the day.</strong>&nbsp;Drinking during meals can be a difficult habit to break. However, it&#39;s easier to do if you keep yourself hydrated the rest of the time. Begin your day by&nbsp;<a href=\"http://www.naturalnews.com/drinking.html\">drinking</a>&nbsp;a glass or two of pure water and then make a habit of repeating this between meals. Soon you&#39;ll be well-hydrated and won&#39;t crave large amounts of water during your meals.<br />\r\n<br />\r\n<strong>5. Think moderation.</strong>&nbsp;There is no reason to become dogmatic about drinking during meals. Some people find it makes an enormous difference to avoid drinking a lot of liquid during a meal, while others find it has little effect. Others note that simply avoiding ice water or not drinking quite so much water during meals is enough to ease their digestive woes. It will depend on the individual how much of an impact this has on his/her digestion, but it&#39;s worth considering if you have problems with gas, bloating or pain after meals.</p>\r\n','images/upload/persondrinkingwater-2.jpg',1,'2014-04-21 00:00:00','2014-04-28 00:00:00','','(NaturalNews) Most of us have heard it a hundred times: drink eight glasses of water a day to stay healthy and hydrated. And while hydration is genuinely important for our health, if you\'re guzzling all that water with your meals it can actually have a negative impact on your digestion.','news'),(44,'Promotion1','<p>Test Promotion1&nbsp;Test Promotion1&nbsp;Test Promotion1&nbsp;Test Promotion1&nbsp;Test Promotion1&nbsp;Test Promotion1&nbsp;Test Promotion1</p>\r\n','images/upload/water-heart3.jpg',1,'2014-04-29 00:00:00','2014-04-29 00:00:00','','Test Promotion1','promotion'),(45,'Promotion2','<p>Test Promotion2&nbsp;Test Promotion2&nbsp;Test Promotion2&nbsp;Test Promotion2&nbsp;Test Promotion2&nbsp;Test Promotion2&nbsp;Test Promotion2</p>\r ','images/upload/water-heart3.jpg',1,'2014-04-29 00:00:00','2014-04-29 00:00:00','','Test Promotion2','promotion');
/*!40000 ALTER TABLE `article` ENABLE KEYS */;
UNLOCK TABLES;

--
-- Table structure for table `brand`
--

DROP TABLE IF EXISTS `brand`;
/*!40101 SET @saved_cs_client     = @@character_set_client */;
/*!40101 SET character_set_client = utf8 */;
CREATE TABLE `brand` (
  `brandID` int(11) NOT NULL AUTO_INCREMENT,
  `brandName` varchar(45) DEFAULT NULL,
  `IsActive` bit(1) DEFAULT NULL,
  `status` bit(1) DEFAULT NULL,
  `description` text,
  PRIMARY KEY (`brandID`)
) ENGINE=InnoDB AUTO_INCREMENT=8 DEFAULT CHARSET=utf8;
/*!40101 SET character_set_client = @saved_cs_client */;

--
-- Dumping data for table `brand`
--

LOCK TABLES `brand` WRITE;
/*!40000 ALTER TABLE `brand` DISABLE KEYS */;
INSERT INTO `brand` VALUES (1,'Heniken','\0','','Bia ngon ho hng\r\n'),(2,'Tiger','','','Bia uong nhuc dau\r\n'),(3,'Chivas','','\0','Chivas is a rich amber color, that of red wheat, and it opens with the aroma of sweet citrus, apple and a slight amount of oak.\r\n'),(4,'Johnnie Walker','','\0','Johnnie Walker&nbsp;is a brand of Scotch Whisky&nbsp;owned by Diageo&nbsp;that originated in&nbsp;&nbsp;Kilmarnock, Ayrshire, Scotland.\r\n'),(5,'Hennesy','','\0','In 1817, the future King George IV of England asked Hennessy to supply him with a &ldquo;very superior, old and pale cognac&rdquo;.\r\n'),(6,'Remy Martin','','\0','R&eacute;my Martin (French pronunciation: [emi mat]) is a French firm that primarily produces and sells cognac (a brandy from the Cognac region of France). The brand specialises in Cognac Fine Champagne, which was originally produced by French winemaker, R&eacute;my Martin.\r\n'),(7,'Louis Royer','','\0','Famous for its bee emblem, Cognac&nbsp;Louis Royer&nbsp;traces its history back to the year 1853 and is known\r\n');
/*!40000 ALTER TABLE `brand` ENABLE KEYS */;
UNLOCK TABLES;

--
-- Table structure for table `category`
--

DROP TABLE IF EXISTS `category`;
/*!40101 SET @saved_cs_client     = @@character_set_client */;
/*!40101 SET character_set_client = utf8 */;
CREATE TABLE `category` (
  `categoryID` int(11) NOT NULL AUTO_INCREMENT,
  `categoryName` varchar(255) DEFAULT NULL,
  `description` varchar(255) DEFAULT NULL,
  `parentID` int(11) DEFAULT NULL,
  `image` varchar(255) DEFAULT NULL,
  `IsActive` bit(1) DEFAULT NULL,
  `tag` varchar(45) DEFAULT NULL,
  PRIMARY KEY (`categoryID`)
) ENGINE=InnoDB AUTO_INCREMENT=20 DEFAULT CHARSET=utf8;
/*!40101 SET character_set_client = @saved_cs_client */;

--
-- Dumping data for table `category`
--

LOCK TABLES `category` WRITE;
/*!40000 ALTER TABLE `category` DISABLE KEYS */;
INSERT INTO `category` VALUES (1,'About',NULL,1,NULL,'','about'),(2,'News',NULL,1,NULL,'','news'),(3,'Privacy',NULL,1,NULL,'','privacy'),(4,'Shopping with us',NULL,1,NULL,'','shopping-with-us'),(5,'Term & Conditions',NULL,1,NULL,'','term-conditions'),(7,'None','Nothing\r\n',0,'/images/category/apple-touch-icon-144-precomposed.png','',NULL),(8,'Fruit Drinks',NULL,7,'/images/category/fruit_juice.jpg','','product'),(9,'Gas Drinks',NULL,7,'/images/category/Coke_Slide_Slide4.jpg','','product'),(10,'Alcohol Drinks','An alcoholic beverage is a drink that typically contains 3%60% ethanol, commonly known as alcohol. Alcoholic beverages are divided into three classes: beers, wines, and spirits\r\n',7,'/images/category/LARGE PHOTOS_ALCOHOL.jpg','','product'),(11,'Other',NULL,7,'/images/category/hello-kitty-mineral-water.jpg','','product'),(12,'Test','Just testing\r\n',7,'/images/category/apple-touch-icon-144-precomposed.png','','product'),(14,'Test agian','bla bla bla\r\n',12,'/images/category/5.jpg','\0',NULL),(16,'Whisky','In the world of distilled spirits, there is a lot of confusion about whiskey and the different styles of whiskies. Whiskey is a broad term much like the word beer.',10,'/images/category/whisky.jpg','',NULL),(17,'Contact',NULL,1,NULL,'','contact'),(18,'Cognac','Cognac is a distilled spirit (eau-de-vie) made from fermented white grapes, and aged for at least two years. The spirit can only originate from the town of Cognac, France, and its six surrounding viticultural areas.',10,'/images/category/cognac.jpg','',NULL),(19,'Promotion',NULL,1,NULL,'','promotion');
/*!40000 ALTER TABLE `category` ENABLE KEYS */;
UNLOCK TABLES;

--
-- Table structure for table `contact`
--

DROP TABLE IF EXISTS `contact`;
/*!40101 SET @saved_cs_client     = @@character_set_client */;
/*!40101 SET character_set_client = utf8 */;
CREATE TABLE `contact` (
  `contact_id` int(11) NOT NULL AUTO_INCREMENT,
  `contact_name` varchar(45) DEFAULT NULL,
  `contact_email` varchar(45) DEFAULT NULL,
  `contact_comment` longtext,
  `contact_subject` longtext,
  PRIMARY KEY (`contact_id`)
) ENGINE=InnoDB AUTO_INCREMENT=30 DEFAULT CHARSET=tis620;
/*!40101 SET character_set_client = @saved_cs_client */;

--
-- Dumping data for table `contact`
--

LOCK TABLES `contact` WRITE;
/*!40000 ALTER TABLE `contact` DISABLE KEYS */;
INSERT INTO `contact` VALUES (1,'','','',''),(2,'','','',''),(3,'xuan','xuanlv@gmail.com','your message','test'),(4,'xuan','xuanlv@gmail.com','your message','test'),(5,'xuan','xuanlv@gmail.com','your message','test'),(6,'wedf','sfd','sdfdf','dsf'),(7,'wedf','sfd','sdfdf','dsf'),(11,'xuan','levanxuan@gmail.com','message','test mail cold'),(12,'xuan','levanxuan@gmail.com','message','test mail cold'),(13,'ABC','abc@yahoo.com','Test !','Hi'),(14,'XUAN','XUAN@rasia','TEST ...','HI'),(15,'Hieu','handsome@yahoo.com','test','Hi all'),(16,'aaaa','adada@tfsdfsff','gggggggggggggggg','adsdadad'),(17,'fdfg','gdg@yahoo','dgdg','dgdg'),(18,'sfsf','sfsf@yahoo.com','adadad','dad'),(19,'yeywey','dakjdla@yahoo.ocm','adadad','dadadda'),(20,'add','adad@fefsf','adad','adad'),(21,'adad','ada@gg','dgdg','gdg'),(22,'dasd','daa@TFSF','FSFSFS','SFSF'),(23,'ascacd','czc@fdsf','fsdfsdf','fsdfsd'),(24,'3232','ewew@yahoo.com','rewrewrew','rerew'),(25,'xuan','levanxuan@gmail.com','message','test mail cold'),(26,'xuan','levanxuan@gmail.com','sdfdfdsfdsfsd ','test mail cold'),(27,'sas','levanxuan@gmail.com','sasas','sasa'),(29,'acb','huynhngoclehieu@gmail.com','saasas','abc');
/*!40000 ALTER TABLE `contact` ENABLE KEYS */;
UNLOCK TABLES;

--
-- Table structure for table `groupre`
--

DROP TABLE IF EXISTS `groupre`;
/*!40101 SET @saved_cs_client     = @@character_set_client */;
/*!40101 SET character_set_client = utf8 */;
CREATE TABLE `groupre` (
  `groupRe_id` varchar(10) NOT NULL,
  `groupRe_name` varchar(45) DEFAULT NULL,
  PRIMARY KEY (`groupRe_id`)
) ENGINE=InnoDB DEFAULT CHARSET=utf8;
/*!40101 SET character_set_client = @saved_cs_client */;

--
-- Dumping data for table `groupre`
--

LOCK TABLES `groupre` WRITE;
/*!40000 ALTER TABLE `groupre` DISABLE KEYS */;
INSERT INTO `groupre` VALUES ('g1','group 1'),('g2','group 2'),('g3','group 3'),('g4','group 4'),('g5','group 5'),('g6','group 6'),('g7','group 7'),('g8','group 8');
/*!40000 ALTER TABLE `groupre` ENABLE KEYS */;
UNLOCK TABLES;

--
-- Table structure for table `menu`
--

DROP TABLE IF EXISTS `menu`;
/*!40101 SET @saved_cs_client     = @@character_set_client */;
/*!40101 SET character_set_client = utf8 */;
CREATE TABLE `menu` (
  `menu_id` int(11) NOT NULL AUTO_INCREMENT,
  `menu_name` varchar(45) DEFAULT NULL,
  `menu_link` varchar(255) DEFAULT NULL,
  `menu_isactive` bit(1) DEFAULT NULL,
  `menu_tag` varchar(45) DEFAULT NULL,
  `menu_priority` varchar(45) DEFAULT NULL,
  `menu_parentid` int(11) DEFAULT NULL,
  PRIMARY KEY (`menu_id`)
) ENGINE=InnoDB AUTO_INCREMENT=13 DEFAULT CHARSET=utf8;
/*!40101 SET character_set_client = @saved_cs_client */;

--
-- Dumping data for table `menu`
--

LOCK TABLES `menu` WRITE;
/*!40000 ALTER TABLE `menu` DISABLE KEYS */;
INSERT INTO `menu` VALUES (1,'Home','index.cfm','','top',NULL,NULL),(2,'About','index.cfm/article_detail.article?tag=about','','top',NULL,NULL),(3,'Product','index.cfm/product.default','','top',NULL,NULL),(4,'News','index.cfm/news','','top',NULL,NULL),(6,'Contact','index.cfm/contact','','top',NULL,NULL),(7,'Shopping with us','index.cfm/article_detail.article?tag=shopping-with-us','','bottom',NULL,NULL),(8,'Terms & Conditions','index.cfm/article_detail.article?tag=term-conditions','','bottom',NULL,NULL),(10,'Privacy','index.cfm/article_detail.article?tag=privacy','','bottom',NULL,NULL);
/*!40000 ALTER TABLE `menu` ENABLE KEYS */;
UNLOCK TABLES;

--
-- Table structure for table `order`
--

DROP TABLE IF EXISTS `order`;
/*!40101 SET @saved_cs_client     = @@character_set_client */;
/*!40101 SET character_set_client = utf8 */;
CREATE TABLE `order` (
  `orderID` int(11) NOT NULL AUTO_INCREMENT,
  `userID` int(11) DEFAULT NULL,
  `orderDate` date DEFAULT NULL,
  `total` varchar(45) DEFAULT NULL,
  `shippingfee` float DEFAULT NULL,
  PRIMARY KEY (`orderID`),
  KEY `order.userID_user.userID` (`userID`),
  CONSTRAINT `order.userID_user.userID` FOREIGN KEY (`userID`) REFERENCES `user` (`userID`)
) ENGINE=InnoDB AUTO_INCREMENT=68 DEFAULT CHARSET=utf8 COMMENT='			';
/*!40101 SET character_set_client = @saved_cs_client */;

--
-- Dumping data for table `order`
--

LOCK TABLES `order` WRITE;
/*!40000 ALTER TABLE `order` DISABLE KEYS */;
INSERT INTO `order` VALUES (39,6,'2014-03-28','2352532',NULL),(40,5,'2014-02-28','466464',NULL),(41,6,'2013-12-28','46646464',NULL),(54,4,'2014-04-28','24334400',0),(55,4,'2014-04-28','24334400',0),(57,4,'2014-04-28','24334400',0),(60,18,'2014-04-29','97458832',0),(61,4,'2014-04-29','24461632',0),(62,4,'2014-04-29','45645',0),(63,4,'2014-04-29','4000',0),(64,4,'2014-04-29','112',0),(65,4,'2014-04-30','5453535333',NULL),(66,4,'2014-04-29','45',0),(67,4,'2014-04-29','33',0);
/*!40000 ALTER TABLE `order` ENABLE KEYS */;
UNLOCK TABLES;

--
-- Table structure for table `orderdetail`
--

DROP TABLE IF EXISTS `orderdetail`;
/*!40101 SET @saved_cs_client     = @@character_set_client */;
/*!40101 SET character_set_client = utf8 */;
CREATE TABLE `orderdetail` (
  `orderdetailID` int(11) NOT NULL AUTO_INCREMENT,
  `orderID` int(11) DEFAULT NULL,
  `productID` int(11) DEFAULT NULL,
  `quantity` int(11) DEFAULT NULL,
  `price` float DEFAULT NULL,
  `address` text,
  `recipient` varchar(50) DEFAULT NULL,
  PRIMARY KEY (`orderdetailID`),
  KEY `orderdetail.orderID_order.orderID` (`orderID`),
  KEY `orderdetail.productID_product.productID` (`productID`),
  CONSTRAINT `orderdetail.orderID_order.orderID` FOREIGN KEY (`orderID`) REFERENCES `order` (`orderID`) ON DELETE CASCADE,
  CONSTRAINT `orderdetail.productID_product.productID` FOREIGN KEY (`productID`) REFERENCES `product` (`productID`) ON DELETE CASCADE
) ENGINE=InnoDB AUTO_INCREMENT=74 DEFAULT CHARSET=utf8;
/*!40101 SET character_set_client = @saved_cs_client */;

--
-- Dumping data for table `orderdetail`
--

LOCK TABLES `orderdetail` WRITE;
/*!40000 ALTER TABLE `orderdetail` DISABLE KEYS */;
INSERT INTO `orderdetail` VALUES (49,54,3,2,2000,NULL,NULL),(50,54,7,1,757,NULL,NULL),(51,55,3,1,2000,NULL,NULL),(52,55,7,1,755,NULL,NULL),(55,57,2,1,2000,NULL,NULL),(56,57,7,1,777,NULL,NULL),(57,60,2,1,2000,NULL,NULL),(58,60,7,4,575,NULL,NULL),(59,60,4,1,2000,NULL,NULL),(60,60,3,1,2000,NULL,NULL),(61,60,6,1,454,NULL,NULL),(62,61,4,2,2000,NULL,NULL),(63,61,5,1,2000,NULL,NULL),(64,61,6,1,577,NULL,NULL),(65,61,7,1,4242,NULL,NULL),(66,63,2,1,2000,'skdjgfhsdjkfgkj','loc'),(67,63,3,1,2000,'skdjgfhsdjkfgkj','loc'),(68,64,10,1,112,NULL,NULL),(69,66,3,1,20,'skdjgfhsdjkfgkj','loc'),(70,66,4,1,25,'skdjgfhsdjkfgkj','loc'),(71,67,3,1,20,'skdjgfhsdjkfgkj','loc'),(72,67,2,1,13,'skdjgfhsdjkfgkj','loc'),(73,40,29,4,472,'fgdfgdg','gs');
/*!40000 ALTER TABLE `orderdetail` ENABLE KEYS */;
UNLOCK TABLES;

--
-- Table structure for table `product`
--

DROP TABLE IF EXISTS `product`;
/*!40101 SET @saved_cs_client     = @@character_set_client */;
/*!40101 SET character_set_client = utf8 */;
CREATE TABLE `product` (
  `productID` int(11) NOT NULL AUTO_INCREMENT,
  `productName` varchar(45) DEFAULT NULL,
  `description` text,
  `price` float DEFAULT NULL,
  `discount` float DEFAULT NULL,
  `originalprice` float DEFAULT NULL,
  `status` bit(1) DEFAULT NULL,
  `IsActive` bit(1) DEFAULT NULL,
  `categoryID` int(11) DEFAULT NULL,
  `brandID` int(11) DEFAULT NULL,
  `text` text,
  `image` text,
  `productDate` date DEFAULT NULL,
  `imageDetail` text,
  PRIMARY KEY (`productID`),
  KEY `product.categoryID_category.categoryID` (`categoryID`),
  KEY `product.brandID_brand.brandID` (`brandID`),
  CONSTRAINT `product.brandID_brand.brandID` FOREIGN KEY (`brandID`) REFERENCES `brand` (`brandID`),
  CONSTRAINT `product.categoryID_category.categoryID` FOREIGN KEY (`categoryID`) REFERENCES `category` (`categoryID`) ON DELETE CASCADE
) ENGINE=InnoDB AUTO_INCREMENT=39 DEFAULT CHARSET=utf8;
/*!40101 SET character_set_client = @saved_cs_client */;

--
-- Dumping data for table `product`
--

LOCK TABLES `product` WRITE;
/*!40000 ALTER TABLE `product` DISABLE KEYS */;
INSERT INTO `product` VALUES (2,'Coco Cola','bbbbbbbbbbbbbbbbbbbbbbbbbb\r\n',13,0,8,'','',9,1,'bbbbbbbbbbbbbbbbbbbbbbbbbb\r\n','/images/product/Koala.jpg','2014-04-29',NULL),(3,'Lemon','aaaaaaaaaaaaaaaaaaaaaa\r\n',20,0,14,'','',8,1,'aaaaaaaaaaaaaaaaaaaaaa\r\n','/images/product/Chrysanthemum.jpg','2014-04-29',NULL),(4,'Vinamilk','aaaaaaaaaaaaaaaaaaaaaa\r\n',25,0,24,'','',11,1,'aaaaaaaaaaaaaaaaaaaaaa\r\n','/images/product/Chrysanthemum.jpg','2014-04-29',NULL),(5,'Chivas','aaaaaaaaaaaaaaaaaaaaaa',12,0,10,'','',10,1,'aaaaaaaaaaaaaaaaaaaaaa','/images/product/Chrysanthemum.jpg',NULL,NULL),(6,'Orange','aaaaaaaaaaaaaaaaaaaaaa',14,0,12,'','',8,1,'aaaaaaaaaaaaaaaaaaaaaa','/images/product/Chrysanthemum.jpg','2014-04-01',NULL),(7,'Pepsi Champagnes and spirits','Launched in June 2011, Happy Water is a young, dynamic, family-run business selling and distributing premium wines, Champagnes and spirits.\r\n',29,25,22,'','',4,3,'Launched in June 2011, Happy Water is a young, dynamic, family-run business selling and distributing premium wines, Champagnes and spirits.\r\n','/images/product/Chrysanthemum.jpg','2014-04-23',NULL),(8,'Chivas Regal 12 Years Old Scotch Whisky','Made in: Scotland, United Kingdom&nbsp; By: The Chivas &amp; Glenlivet Group&nbsp; Spirits, Whisky/Whiskey, Scotch Whisky Blends 40.0% Alcohol/Vol.&nbsp;\r\n',63,10,58,'','',16,3,'Made in: Scotland, United Kingdom&nbsp; By: The Chivas &amp; Glenlivet Group&nbsp; Spirits, Whisky/Whiskey, Scotch Whisky Blends 40.0% Alcohol/Vol.&nbsp;\r\n','/images/product/Chivas_Regal.jpg','2014-04-29',NULL),(9,'Chivas Regal 18 Years Old Scotch Whisky','This 18 year old edition of Chivas Regal was Recommended by Whisky Magazine. It was personally created by their Master Blender, Colin Scott.\r\n',52,10,50,'','',16,3,'This 18 year old edition of Chivas Regal was Recommended by Whisky Magazine. It was personally created by their Master Blender, Colin Scott.\r\n','/images/product/chivas 18.jpg','2014-04-29',NULL),(10,'Chivas Regal Royal Salute 21 Years','Royal Salute 21 Sapphire Bottling Note A special Sapphire-coloured edition of Chivas&#39; Royal Salute 21 year old - a superb blend.\r\n',89,12,55,'','',16,3,'Royal Salute 21 Sapphire Bottling Note A special Sapphire-coloured edition of Chivas&#39; Royal Salute 21 year old - a superb blend.\r\n','/images/product/chivas21.jpg','2014-04-29',NULL),(11,'Chivas Regal 25 Year Old','25 Year Old Blended Scotch Whisky Distilled by Chivas Brothers in Aberdeen, Scotland Retails for around $310per 750mL bottle 40% alc./volume (80 proof)\r\n',68,15,32,'','',16,3,'25 Year Old Blended Scotch Whisky Distilled by Chivas Brothers in Aberdeen, Scotland Retails for around $310per 750mL bottle 40% alc./volume (80 proof)\r\n','/images/product/chivas25.jpg','2014-04-29',NULL),(12,'Chivas 38 year','Made from a rare selection of whiskies aged for 38 years or more, Royal Salute 38 Year Old is the pinnacle of Scotch whisky. The oldest permanent expression of Blended Scotch whisky in the worldThe Stone of Destiny is the most powerful symbol of Scottish royalty. At every coronation since time immemorial it has been placed beneath the royal throne as a symbol of power and influence and a confirmation of every monarcha s right to his or her regal position. With a very limited quantity released every year, Royal Salute Stone of Destiny drives luxury and prestige.\r\n',88,20,65,'','',16,3,'Made from a rare selection of whiskies aged for 38 years or more, Royal Salute 38 Year Old is the pinnacle of Scotch whisky. The oldest permanent expression of Blended Scotch whisky in the worldThe Stone of Destiny is the most powerful symbol of Scottish royalty. At every coronation since time immemorial it has been placed beneath the royal throne as a symbol of power and influence and a confirmation of every monarcha s right to his or her regal position. With a very limited quantity released every year, Royal Salute Stone of Destiny drives luxury and prestige.\r\n','/images/product/chivas38.gif','2014-04-29',NULL),(13,'Johnnie Walker Red Label','JOHNNIE WALKER RED LABEL is the world&rsquo;s best-selling Scotch Whisky. It&rsquo;s renowned for its bold, characterful taste &ndash; balanced to shine through even when mixed. It&rsquo;s a flavour the Walker family has never compromised on.\r\n',22,5,20,'','',16,4,'JOHNNIE WALKER RED LABEL is the world&rsquo;s best-selling Scotch Whisky. It&rsquo;s renowned for its bold, characterful taste &ndash; balanced to shine through even when mixed. It&rsquo;s a flavour the Walker family has never compromised on.\r\n','/images/product/jwred.jpg','2014-04-29',NULL),(14,'Johnnie-Walker-XR-21','Johnnie Walker XR was inspired by the hand-written blending notes of Sir Alexander Walker, the grandson of the legendary Johnnie Walker\r\n',150,20,147,'','',16,4,'Johnnie Walker XR was inspired by the hand-written blending notes of Sir Alexander Walker, the grandson of the legendary Johnnie Walker\r\n','/images/product/jwxr.png','2014-04-29',NULL),(15,'Johnnie Walker Platinum','Johnnie Walker Platinum Label is a rich and contemporary blended Scotch Whisky inspired by the Walker family&#39;s tradition of crafting &#39;private blends&#39; for directors of its company and for special occasions.\r\n',125,15,120,'','',16,4,'Johnnie Walker Platinum Label is a rich and contemporary blended Scotch Whisky inspired by the Walker family&#39;s tradition of crafting &#39;private blends&#39; for directors of its company and for special occasions.\r\n','/images/product/jwplantinum.jpg','2014-04-29',NULL),(16,'Johnnie Walker Blue Label 750ml','Johnnie Walker Blue Label Voyager Commemorative Release Scotch Whisky is a limited edition that has been designed to commemorate the epic journey of traditional 19th century whiskies, the first of which were exported to Australia in the 1860s.&nbsp;\r\n',232,23,230,'','',16,4,'Johnnie Walker Blue Label Voyager Commemorative Release Scotch Whisky is a limited edition that has been designed to commemorate the epic journey of traditional 19th century whiskies, the first of which were exported to Australia in the 1860s.&nbsp;\r\n','/images/product/jwblua.jpg','2014-04-29',NULL),(17,'Jonhnnie Wallker Double Black','Johnnie Walker Double Black is the exciting and revolutionary new addition to the Johnnie Walker range. Double Black contains everything you already love about Johnnie Walker Black Label, with the intensity and complexity amplified\r\n',53,12,50,'','',16,4,'Johnnie Walker Double Black is the exciting and revolutionary new addition to the Johnnie Walker range. Double Black contains everything you already love about Johnnie Walker Black Label, with the intensity and complexity amplified\r\n','/images/product/jw2black.jpg','2014-04-29',NULL),(18,'Johnnie Walker Black Label','Johnnie Walker Black Label is one of the worlds most popular premium whiskies\r\n',47,10,45,'','',16,4,'Johnnie Walker Black Label is one of the worlds most popular premium whiskies\r\n','/images/product/jwblack.jpg','2014-04-29',NULL),(19,'Johnnie Walker Gold Label','Johnnie Walker Gold Label is one of the world&#39;s most iconic whiskies\r\n',80,8,77,'','',16,4,'Johnnie Walker Gold Label is one of the world&#39;s most iconic whiskies\r\n','/images/product/jwgold.jpg','2014-04-29',NULL),(20,'Johnnie Walker Green Label','A vatted malt (or should we say blended malt) from Johnnie Walker, Jim Murray awarded this 15 year old a whopping 95 points in his 2010 Whisky Bible!\r\n',45,7,39,'','',16,4,'A vatted malt (or should we say blended malt) from Johnnie Walker, Jim Murray awarded this 15 year old a whopping 95 points in his 2010 Whisky Bible!\r\n','/images/product/jwgreen.jpg','2014-04-29',NULL),(21,'Johnnie Walker King George V','Johnnie Walker King George V was created to celebrate the Royal Warrant given in 1934 to the Walker family to mark the exceptional qualities of their whiskies.\r\n',66,30,53,'','',16,4,'Johnnie Walker King George V was created to celebrate the Royal Warrant given in 1934 to the Walker family to mark the exceptional qualities of their whiskies.\r\n','/images/product/jwKing_George_V_1.jpg','2014-04-29',NULL),(22,'Johnnie Walker Blue Magnum','3D development of a 1.75l version of the New Johnnie Walker Blue Label bottle and supply of 50 limited eddition bottles. A limited run of high quality glass bottles were molded in colour matched glass and finished with bespoke labels and closures.\r\n',98,15,89,'','',16,4,'3D development of a 1.75l version of the New Johnnie Walker Blue Label bottle and supply of 50 limited eddition bottles. A limited run of high quality glass bottles were molded in colour matched glass and finished with bespoke labels and closures.\r\n','/images/product/jwblue.jpg','2014-04-29',NULL),(23,'Hennessy XO','Originally created in 1870 by Maurice Hennessy using very old eaux de vie, X.O was reserved exclusively for his family and friends\r\n',87,12,55,'','',18,5,'Originally created in 1870 by Maurice Hennessy using very old eaux de vie, X.O was reserved exclusively for his family and friends\r\n','/images/product/xo.jpg','2014-04-29',NULL),(24,'Hennessy VSOP','In 1817, the future King George IV of England asked Hennessy to supply him with a &ldquo;very superior, old and pale cognac&rdquo;.&nbsp;\r\n',70,4,66,'','',18,5,'In 1817, the future King George IV of England asked Hennessy to supply him with a &ldquo;very superior, old and pale cognac&rdquo;.&nbsp;\r\n','/images/product/vsop.jpg','2014-04-29',NULL),(25,'Cognac Hennessy Paradis Extra','Hennessy Fine de Cognac is a rather new blend, that the cognac house introduced to the market. Its a floral, and balanced Cognac, that is supposed to attract younger consumers. Its age lies between 4 and 10 years. It comes in a 70 cl bottle and 40% ABV. You can buy this Hennessy bottle online at a price of $66.\r\n',66,5,61,'','',18,5,'Hennessy Fine de Cognac is a rather new blend, that the cognac house introduced to the market. Its a floral, and balanced Cognac, that is supposed to attract younger consumers. Its age lies between 4 and 10 years. It comes in a 70 cl bottle and 40% ABV. You can buy this Hennessy bottle online at a price of $66.\r\n','/images/product/hennessy_paradis_extra_2.jpg','2014-04-29',NULL),(26,'Cognac Remy Martin V.S.O.P','The new expression of Remy Martin VSOP comes from the finishing period of the eaux-de-vie that takes place after the final blend, at the end of the ageing process.\r\nDuring one year, the eaux-de-vie are stored exclusively in mature Limousin oak casks that are more than 20 years old, enhancing their fruity notes: this is what is called the Mature Cask Finish.\r\n&nbsp;\r\n',40,0,0,'','',18,6,'The new expression of Remy Martin VSOP comes from the finishing period of the eaux-de-vie that takes place after the final blend, at the end of the ageing process.\r\nDuring one year, the eaux-de-vie are stored exclusively in mature Limousin oak casks that are more than 20 years old, enhancing their fruity notes: this is what is called the Mature Cask Finish.\r\n&nbsp;\r\n','/images/product/rmvs.jpg','2014-04-29',NULL),(27,'Remy Martin Club','R&eacute;my Martin Club is a full and round Cognac, a first class cognac. Its a Fine Champagne blend, which means that the distilled eaux-de-vie from Grande and Petite Champagne: 70% from the Grande and 30% of Petite. The aged spirits are between 5 and 25 years old, matured in oak barrels in the cellars of R&eacute;my Martin. You can buy this R&eacute;my Martin bottle online at a price of $86.\r\n',86,2,24,'','',18,6,'R&eacute;my Martin Club is a full and round Cognac, a first class cognac. Its a Fine Champagne blend, which means that the distilled eaux-de-vie from Grande and Petite Champagne: 70% from the Grande and 30% of Petite. The aged spirits are between 5 and 25 years old, matured in oak barrels in the cellars of R&eacute;my Martin. You can buy this R&eacute;my Martin bottle online at a price of $86.\r\n','/images/product/rmclup.jpg','2014-04-29',NULL),(28,'Cognac Remy Martin X.O','Fine Champagne Cognac 85% Grande Champagne, 15% Petite Champagne&nbsp;\r\nMore richness of flavours. More smoothness. Unique velvet texture. Memorable taste that lingers longer on the palate.\r\n',78,7,75,'','',18,6,'Fine Champagne Cognac 85% Grande Champagne, 15% Petite Champagne&nbsp;\r\nMore richness of flavours. More smoothness. Unique velvet texture. Memorable taste that lingers longer on the palate.\r\n','/images/product/remy-martin-x-o.jpg','2014-04-29',NULL),(29,'Remy Martin Louis XIII','Remy Martin &quot;LOUIS XIII&quot; Cognac Baccarat Crystal Decanter 750ml Bottle there is a chip on the lower left fleur-de-lis on the one side of the bottle other then that it&#39;s perfect.\r\n',56,0,3,'','',18,6,'Remy Martin &quot;LOUIS XIII&quot; Cognac Baccarat Crystal Decanter 750ml Bottle there is a chip on the lower left fleur-de-lis on the one side of the bottle other then that it&#39;s perfect.\r\n','/images/product/RmLouis XIII.jpg','2014-04-29',NULL),(30,'Remy martin fine champagne cognac','R&eacute;my Martin Mature Cask Finish is composed of eaux-de-vie coming exclusively from the most sought after vineyards of Cognac: Grande Champagne and Petite Champagne.\r\n',45,0,5,'','',18,6,'R&eacute;my Martin Mature Cask Finish is composed of eaux-de-vie coming exclusively from the most sought after vineyards of Cognac: Grande Champagne and Petite Champagne.\r\n','/images/product/rm.jpg','2014-04-29',NULL),(31,'Cognac Louis Royer X.O','Louis Royer XO cognac is a blend of finest eaux-de-vie, from the oldest stocks of the cognac house. You can buy this Louis Royer bottle online at a price of $237.\r\n',32,0,7,'','',18,7,'Louis Royer XO cognac is a blend of finest eaux-de-vie, from the oldest stocks of the cognac house. You can buy this Louis Royer bottle online at a price of $237.\r\n','/images/product/lrxo.jpg','2014-04-29',NULL),(32,'Louis Royer VSOP Cognac','Louis Royer VSOP cognac is a blend of top crus. The bottle won a Gold Medal in 2004 Concours General Agricole in France. You can buy this Louis Royer bottle online at a price of $55.\r\n',55,0,8,'','',18,7,'Louis Royer VSOP cognac is a blend of top crus. The bottle won a Gold Medal in 2004 Concours General Agricole in France. You can buy this Louis Royer bottle online at a price of $55.\r\n','/images/product/Lrvsop.jpg','2014-04-29',NULL),(33,'Louis Royer Force 53 High Strength','This Louis Royer Fine Champagne VSOP Cognac is called Force 53&deg; as the ABV of the cognac ist at 53%. The cellarmaster of Louis Royer brings down the alcoholic content. You can buy this Louis Royer bottle online at a price of $58.\r\n',44,0,9,'','',18,7,'This Louis Royer Fine Champagne VSOP Cognac is called Force 53&deg; as the ABV of the cognac ist at 53%. The cellarmaster of Louis Royer brings down the alcoholic content. You can buy this Louis Royer bottle online at a price of $58.\r\n','/images/product/Lrvsop-mid.jpg','2014-04-29',NULL),(34,'Louis Royer VS Cognac','Louis Royer VS is a floral, young cognac. You can buy this Louis Royer bottle online at a price of $43.\r\n',43,0,5,'','',18,7,'Louis Royer VS is a floral, young cognac. You can buy this Louis Royer bottle online at a price of $43.\r\n','/images/product/lrvs.jpg','2014-04-29',NULL),(35,'Louis Royer Napoleon Cognac','Cognac Louis Royer Napoleon is a powerful cognac with a robust character. You can buy this Louis Royer bottle online at a price of $73.\r\n',73,0,3,'','',18,7,'Cognac Louis Royer Napoleon is a powerful cognac with a robust character. You can buy this Louis Royer bottle online at a price of $73.\r\n','/images/product/lrnapoleon.jpg','2014-04-29',NULL),(36,'Louis Royer 32 Year Old Grande Champagne','The Cognac Old Grande Champagne from Louis Royer is a 32 year old cognac. The bottle is part of a limited edition. Pure Grande Champagne eaux-de-vie blend. You can buy this Louis Royer bottle online at a price of $425.\r\n',23,0,4,'','',18,7,'The Cognac Old Grande Champagne from Louis Royer is a 32 year old cognac. The bottle is part of a limited edition. Pure Grande Champagne eaux-de-vie blend. You can buy this Louis Royer bottle online at a price of $425.\r\n','/images/product/lr32.jpg','2014-04-29',NULL),(37,'Louis Royer La Collection Distillerie Set','This tasting &amp; gift set is called La Collection Distillerie by 1853 founded cognac house Louis Royer. With this selection, Louis Royer fans are able to taste cognacs from 5 different distilleries, five favorite Royer distillers. Each bottle contains 20cl of finest Cognac (5x20 cl = 1 litre). Distillerie Chantal : Bons Bois La Distillerie Chantal is situated in the west of the Bons Bois growth area. Distillerie d&rsquo;Aumagne : Fins Bois La Distillerie d&rsquo;Aumagne is in the north of the Fins Bois cru area. Distillerie des Saules : Borderies La petite Appellation des Borderies is located at the boarder of the Grande Champagne, Petite Champagne and Fins Bois growth areas. Distillerie de l&rsquo;&Eacute;cole : Petite Champagne La distillerie de l&rsquo;&Eacute;cole is a distillery located in the Petite Champagne growth area. And finally the Distillerie les Magnolias that is situated in the heart of the Grande Champagne area, the 1st Cru of Cognac. You can buy this Louis Royer bottle online at a price of $116.\r\n',44,0,7,'','',18,7,'This tasting &amp; gift set is called La Collection Distillerie by 1853 founded cognac house Louis Royer. With this selection, Louis Royer fans are able to taste cognacs from 5 different distilleries, five favorite Royer distillers. Each bottle contains 20cl of finest Cognac (5x20 cl = 1 litre). Distillerie Chantal : Bons Bois La Distillerie Chantal is situated in the west of the Bons Bois growth area. Distillerie d&rsquo;Aumagne : Fins Bois La Distillerie d&rsquo;Aumagne is in the north of the Fins Bois cru area. Distillerie des Saules : Borderies La petite Appellation des Borderies is located at the boarder of the Grande Champagne, Petite Champagne and Fins Bois growth areas. Distillerie de l&rsquo;&Eacute;cole : Petite Champagne La distillerie de l&rsquo;&Eacute;cole is a distillery located in the Petite Champagne growth area. And finally the Distillerie les Magnolias that is situated in the heart of the Grande Champagne area, the 1st Cru of Cognac. You can buy this Louis Royer bottle online at a price of $116.\r\n','/images/product/lrset.jpg','2014-04-29',NULL),(38,'test','test',13,0,12,'\0','\0',10,3,'test text\r\n','/images/product/Penguins.jpg','2014-04-29',NULL);
/*!40000 ALTER TABLE `product` ENABLE KEYS */;
UNLOCK TABLES;

--
-- Table structure for table `product_re`
--

DROP TABLE IF EXISTS `product_re`;
/*!40101 SET @saved_cs_client     = @@character_set_client */;
/*!40101 SET character_set_client = utf8 */;
CREATE TABLE `product_re` (
  `productID` int(11) NOT NULL,
  `groupre_id` varchar(45) NOT NULL,
  PRIMARY KEY (`productID`,`groupre_id`)
) ENGINE=InnoDB DEFAULT CHARSET=hp8;
/*!40101 SET character_set_client = @saved_cs_client */;

--
-- Dumping data for table `product_re`
--

LOCK TABLES `product_re` WRITE;
/*!40000 ALTER TABLE `product_re` DISABLE KEYS */;
INSERT INTO `product_re` VALUES (1,'g5'),(1,'g7'),(2,'g4'),(2,'g7'),(2,'g8'),(3,'g1'),(3,'g2'),(3,'g4'),(3,'g6'),(3,'g7'),(4,'g1'),(4,'g2'),(4,'g4'),(4,'g7'),(5,'g4'),(5,'g7'),(6,'g4'),(6,'g7'),(7,'g4'),(7,'g7'),(8,'g4'),(9,'g4'),(10,'g4'),(11,'g4'),(12,'g4'),(13,'g4'),(14,'g4');
/*!40000 ALTER TABLE `product_re` ENABLE KEYS */;
UNLOCK TABLES;

--
-- Table structure for table `question`
--

DROP TABLE IF EXISTS `question`;
/*!40101 SET @saved_cs_client     = @@character_set_client */;
/*!40101 SET character_set_client = utf8 */;
CREATE TABLE `question` (
  `question_id` int(11) NOT NULL AUTO_INCREMENT,
  `question_name` varchar(45) DEFAULT NULL,
  `question_level` tinyint(4) DEFAULT NULL,
  `question_TF` bit(1) DEFAULT NULL,
  PRIMARY KEY (`question_id`)
) ENGINE=InnoDB AUTO_INCREMENT=31 DEFAULT CHARSET=utf8;
/*!40101 SET character_set_client = @saved_cs_client */;

--
-- Dumping data for table `question`
--

LOCK TABLES `question` WRITE;
/*!40000 ALTER TABLE `question` DISABLE KEYS */;
INSERT INTO `question` VALUES (1,'Over 18 years ?',1,''),(2,'Do you like alcohol ?',1,''),(3,'Do you like drinking alcoholic fruit juice ?',1,''),(4,'Do you like drinking gas ?',2,''),(5,'Do you like wine ?',2,''),(6,'Do you like beer ?',2,''),(7,'Would you like to drink cold?',2,'\0'),(8,'Do you like Coca-cola ?',2,'\0'),(9,'Do you like juice ?',2,'\0'),(10,'Do you like coffee ?',31,''),(11,'Would you like to energy drink?',31,''),(12,'Do you like number1 ?',31,''),(13,'Do you like pepsi ?',31,'\0'),(14,'Do you like Whisky ?',31,'\0'),(15,'Do you like Vodka ?',31,'\0'),(16,'Do you like Whisky ?',32,''),(17,'Do you like juice of apples ?',32,''),(18,'Do you like milk ?',32,''),(19,'Do you like antoccino ?',32,'\0'),(20,'Do you like white coffee ?',32,'\0'),(21,'Do you like breve ?',32,'\0');
/*!40000 ALTER TABLE `question` ENABLE KEYS */;
UNLOCK TABLES;

--
-- Table structure for table `user`
--

DROP TABLE IF EXISTS `user`;
/*!40101 SET @saved_cs_client     = @@character_set_client */;
/*!40101 SET character_set_client = utf8 */;
CREATE TABLE `user` (
  `userID` int(11) NOT NULL AUTO_INCREMENT,
  `firstName` varchar(45) DEFAULT NULL,
  `lastName` varchar(45) DEFAULT NULL,
  `address` text,
  `dateofbirth` date DEFAULT NULL,
  `email` varchar(45) DEFAULT NULL,
  `level` int(11) DEFAULT NULL,
  `avatar` text,
  `password` varchar(45) DEFAULT NULL,
  `groupre_id` varchar(45) DEFAULT '0',
  `RegisterDate` date DEFAULT '0000-00-00',
  PRIMARY KEY (`userID`)
) ENGINE=InnoDB AUTO_INCREMENT=20 DEFAULT CHARSET=utf8;
/*!40101 SET character_set_client = @saved_cs_client */;

--
-- Dumping data for table `user`
--

LOCK TABLES `user` WRITE;
/*!40000 ALTER TABLE `user` DISABLE KEYS */;
INSERT INTO `user` VALUES (4,'Dung','Nguyen Thuy','dung khn','1992-04-24','abc@xyz.com',1,NULL,NULL,NULL,'2014-03-10'),(5,'Thien','Nguyen Hoang','abc','1991-04-24','xyz@abc.com',0,NULL,NULL,NULL,'2014-03-11'),(6,'Nam','Nguyen','xyz','1990-04-24','abc@zzz.z',3,NULL,NULL,NULL,'2014-03-20'),(7,'Aaaa','Nguyen','aaa','2014-04-24','aaa@aa.a',3,NULL,NULL,NULL,'2014-04-15'),(8,'Bbbb','Pham','bbb','2014-04-24','bbb@bb.b',3,NULL,NULL,NULL,'2014-04-14'),(9,'Qqq','Pham','qqq','2014-04-24','qqq@qq.q',3,NULL,NULL,NULL,'2014-04-14'),(10,'Thin','Nguyn Hong','7a/43/11 thanh thai','1991-10-14','hoang_thien1410@yahoo.com',1,'default.jpg','7C4A8D09CA3762AF61E59520943DC26494F8941B','g4','2014-04-14'),(11,'Rasia','Admin','Rasia Rasia Rasia Rasia','2014-04-24','admin@rasia.info',1,NULL,'7C4A8D09CA3762AF61E59520943DC26494F8941B','g2','2014-04-14'),(12,'Phu','Nguyen','L L VN ASIA','1988-01-01','bbb@aaa.com',1,'default.jpg','F35A5EF5B9E7DA8C3274AD50D05F5D0F0B96D9AD',NULL,'2014-04-16'),(13,'Thuy Dung','Nguyen','67/22 Huynh Khuong Annnnnnn','1992-12-28','thuydung7354@gmail.com',1,'13.jpg','09BA89C5EE215E05D910ED56D689414278020568',NULL,'2014-04-28'),(14,'a4w4a','3434a4343','a434a434a3','1920-04-01','aeeer@yahoo.com',0,'default.jpg','7C4A8D09CA3762AF61E59520943DC26494F8941B',NULL,'2014-04-01'),(15,'Nam','Nguyn','nh st ng i','1990-07-23','takadodaniel@gmail.com',1,'15.jpg','7C4A8D09CA3762AF61E59520943DC26494F8941B',NULL,'2014-04-02'),(16,'loc','nguyen','skdjgfhsdjkfgkj','2014-04-28','loc@rasia.info',1,NULL,'7C4A8D09CA3762AF61E59520943DC26494F8941B',NULL,'2014-04-01'),(17,'a','aera','1234567891111','1920-01-01','aererae@yahoo.com',3,'default.jpg','7C4A8D09CA3762AF61E59520943DC26494F8941B','0','2014-04-29'),(18,'Phu N','Nguyen','L L VN NA','1988-01-01','bbbb@aaa.com',3,'default.jpg','F35A5EF5B9E7DA8C3274AD50D05F5D0F0B96D9AD','0','2014-04-01'),(19,'Minh','Nguyen','100 A2 Quang Trung, GV','1998-09-11','minh@rasia.info',2,'19.jpg','7C4A8D09CA3762AF61E59520943DC26494F8941B','0','2014-04-29');
/*!40000 ALTER TABLE `user` ENABLE KEYS */;
UNLOCK TABLES;
/*!40103 SET TIME_ZONE=@OLD_TIME_ZONE */;

/*!40101 SET SQL_MODE=@OLD_SQL_MODE */;
/*!40014 SET FOREIGN_KEY_CHECKS=@OLD_FOREIGN_KEY_CHECKS */;
/*!40014 SET UNIQUE_CHECKS=@OLD_UNIQUE_CHECKS */;
/*!40101 SET CHARACTER_SET_CLIENT=@OLD_CHARACTER_SET_CLIENT */;
/*!40101 SET CHARACTER_SET_RESULTS=@OLD_CHARACTER_SET_RESULTS */;
/*!40101 SET COLLATION_CONNECTION=@OLD_COLLATION_CONNECTION */;
/*!40111 SET SQL_NOTES=@OLD_SQL_NOTES */;

-- Dump completed on 2014-04-29 18:22:46
